-- phpMyAdmin SQL Dump
-- version 4.9.0.1
-- https://www.phpmyadmin.net/
--
-- Host: sql212.infinityfree.com
-- Generation Time: Apr 15, 2026 at 01:29 PM
-- Server version: 11.4.10-MariaDB
-- PHP Version: 7.2.22

SET SQL_MODE = "NO_AUTO_VALUE_ON_ZERO";
SET AUTOCOMMIT = 0;
START TRANSACTION;
SET time_zone = "+00:00";


/*!40101 SET @OLD_CHARACTER_SET_CLIENT=@@CHARACTER_SET_CLIENT */;
/*!40101 SET @OLD_CHARACTER_SET_RESULTS=@@CHARACTER_SET_RESULTS */;
/*!40101 SET @OLD_COLLATION_CONNECTION=@@COLLATION_CONNECTION */;
/*!40101 SET NAMES utf8mb4 */;

--
-- Database: `if0_41134007_assetmanagementstock`
--

-- --------------------------------------------------------

--
-- Table structure for table `color_type`
--

CREATE TABLE `color_type` (
  `id_color` int(11) NOT NULL,
  `name_color` varchar(100) NOT NULL,
  `status` enum('Active','Not Active') NOT NULL,
  `created_at` datetime DEFAULT NULL,
  `updated_at` datetime DEFAULT NULL
) ENGINE=InnoDB DEFAULT CHARSET=utf8mb4 COLLATE=utf8mb4_general_ci;

--
-- Dumping data for table `color_type`
--

INSERT INTO `color_type` (`id_color`, `name_color`, `status`, `created_at`, `updated_at`) VALUES
(1, 'HITAM', 'Active', '2026-02-25 00:21:09', NULL),
(2, 'KUNING', 'Active', '2026-02-25 00:21:19', NULL),
(3, 'HIJAU', 'Active', '2026-02-25 00:21:28', NULL),
(4, 'ORANGE', 'Active', '2026-03-27 23:40:24', NULL);

-- --------------------------------------------------------

--
-- Table structure for table `detail_list_stock`
--

CREATE TABLE `detail_list_stock` (
  `id_detail` int(11) NOT NULL,
  `stock_id` int(11) NOT NULL,
  `tid` varchar(50) DEFAULT NULL,
  `mid` varchar(50) DEFAULT NULL,
  `merchant_name` varchar(250) DEFAULT NULL,
  `addres_name` text DEFAULT NULL,
  `id_member_bank` int(11) DEFAULT NULL,
  `work_type` enum('INSTAL','REPLACEMENT EDC','REPLACEMENT PART') DEFAULT NULL,
  `date_used` date DEFAULT NULL,
  `note` text DEFAULT NULL,
  `updated_at` datetime DEFAULT NULL
) ENGINE=InnoDB DEFAULT CHARSET=utf8mb4 COLLATE=utf8mb4_general_ci;

--
-- Dumping data for table `detail_list_stock`
--

INSERT INTO `detail_list_stock` (`id_detail`, `stock_id`, `tid`, `mid`, `merchant_name`, `addres_name`, `id_member_bank`, `work_type`, `date_used`, `note`, `updated_at`) VALUES
(48, 63, '83903077', '72003442434', 'XIAOMI TELLING STORE PURI INDAH MALL', 'PURI INDAH MALL 2 LT 1 PURI AGUNG NO 1KEMBANGAN SELATAN KEC KEMBANGANJAKARTA BARAT', 1, 'INSTAL', '2026-02-11', '', '2026-02-25 00:25:58'),
(49, 55, '', '', '', '', NULL, NULL, NULL, '', '2026-03-29 09:10:27'),
(50, 68, '83919190', '71537954970', 'LOCKNLOCK LIPPO MALL PURI', 'LIPPO MALL PURI LOWER GROUNDJL. PURI INDAH RAYA, RT.3/RW.2KEMBANGAN SEL, KEC. KEMBANGAN Jakarta Barat (Kota Administrasi)', 1, 'REPLACEMENT EDC', '2026-02-12', '', '2026-02-25 00:44:48'),
(51, 59, '', '', '', '', NULL, NULL, '2026-02-12', '', '2026-02-14 15:01:19'),
(52, 67, '83938166', '72006801351', 'TOKO INDAH MAS', 'PASAR SLIPI LANTAI DASAR BLOK A NO 14, RT. 000 / RW. 000KEL. KEMANGGISAN, KEC. PALMERAHJAKARTA BARAT, DKI JAKARTA JAKARTA BARAT (KOTA ADMINISTRASI)', 1, 'INSTAL', '2026-02-13', '', '2026-02-25 00:42:37'),
(53, 84, '83935173', '72006517507', 'PAM PENDOPO LP PURI', 'STASIUN GAMBIR L. MEDAN MERDEKA TIM. NO.1 KEL GAMBIR KEC GAMBIR JAKARTA PUSAT', 1, 'INSTAL', '2026-02-13', '', '2026-02-25 00:27:22'),
(55, 91, '83757627', '71000341537', 'TOUS LES JOURS - LIPPO PURI MALL', 'LIPPO PURI MALL UNIT NO. GF - 53 LANTAI GROUND JL. PURI INDAH RAYA BLOK U1 CBD PURI INDAH KEMBANGAN SELATAN, JAKARTA BARAT', 1, 'REPLACEMENT EDC', '2026-01-24', '', '2026-02-25 00:44:18'),
(56, 92, '83934586', '72006434517', 'JKT - LIPPO MALL PURI TEA HOUSE', 'JL. PURI INDAH RAYA, RT 03/RW 02KEMBANGAN SEL KEC. KEMBANGANJAKARTA BARAT	Jakarta Barat (Kota Administrasi)', 1, 'INSTAL', '2026-02-16', '', '2026-03-02 02:39:36'),
(58, 71, '83947296', '70404650622', 'CENTURY CHC-54 ST MORITZ MALL', 'ST MORITZ MALL LT.LOWER GROUND UNIT LG-69 JAKARTA BARAT', 1, 'INSTAL', '2026-03-13', '', '2026-03-13 12:14:38'),
(59, 69, '84050533', '72017409785', 'BEATRICE CLOTHING - LIPPO MALL PURI', 'LIPPO MALL PURI LANTAI 1 JL PURI INDAH RAYA BLOKU1 RT 003 RW 002 KEL KEMBANGAN SELATANKEC KEMBANGAN JAKARTA BARAT	JAKARTA BARAT (KOTA ADMINISTRASI)', 1, 'INSTAL', '2026-02-27', '', '2026-02-27 22:41:39'),
(60, 80, '', '', '', '', NULL, NULL, NULL, '', '2026-03-29 09:08:08'),
(61, 81, '', '', '', '', NULL, NULL, NULL, '', '2026-03-29 09:07:49'),
(62, 93, '83963419', '72009130723', 'CHRISTY NG PURI INDAH MAL', 'PURI INDAH MALL UNIT GF-84JALAN PURI AGUNG PURI INDAH KEMBANGAN SELATAN JJAKARTA BARAT	JAKARTA BARAT (KOTA ADMINISTRASI)', 2, 'INSTAL', '2026-02-19', '', '2026-02-25 00:28:34'),
(63, 94, '84003183', '72012936226', 'PLAYTOPIA LM PURI', 'LT. 02 UNIT L2-23AJL. PURI INDAH RAYA,RT.3/RW.2, KEMBANGAN SEL., KEC	JAKARTA BARAT (KOTA ADMINISTRASI)', 2, 'INSTAL', '2026-02-24', '', '2026-02-25 00:57:07'),
(64, 95, '84044901', '71972868294', 'LET ME CAFE', 'LIPPO MAL PURI L2UNIT.L2-07KEMBANGAN JAKARTA	Jakarta Barat (Kota Administrasi)', 2, 'INSTAL', '2026-02-26', '', '2026-02-26 17:08:30'),
(65, 83, '', '', '', '', NULL, NULL, NULL, '', '2026-03-29 09:04:56'),
(66, 58, '83975150', '72010241443', 'BAZAR POLO LIPPO MALL PUR', 'LIPPO MALL PURI KORIDORSMB 2,JL.PURI INDAH RAYRT.3/2, KEMBANGAN SELKEC. KEMB	Jakarta Barat (Kota Administrasi)', 2, 'INSTAL', '2026-02-20', '', '2026-02-25 00:25:38'),
(67, 96, '83987724', '71000341537', 'TOUS LES JOURS - LIPPO PURI MALL', 'LIPPO PURI MALL UNIT NO. GF - 53 LANTAI GROUNDJL. PURI INDAH RAYA BLOK U1 CBD PURI INDAHKEMBANGAN SELATAN, JAKARTA BARAT	JAKARTA BARAT (KOTA ADMINISTRASI)', 1, 'REPLACEMENT EDC', '2026-02-22', '', '2026-02-25 00:44:32'),
(68, 66, '84003479', '72012923244', 'J&C LIPPO MALL PUR', 'GF CORRIDOR 1 BOOTH A1 (DEPAN ERHA)KOTA JAKARTA BARAT	JAKARTA BARAT (KOTA ADMINISTRASI)', 1, 'INSTAL', '2026-02-23', 'INSTAL : PAMERAN SAMPAI 28 MARET 2026 / EDC SUDAH DI PULLOUT', '2026-03-26 02:40:34'),
(69, 56, '', '', '', '', NULL, NULL, NULL, '', '2026-03-29 09:10:54'),
(70, 57, '', '', '', '', NULL, NULL, NULL, '', '2026-03-29 09:10:12'),
(71, 97, '84308023', '72041467122', 'MAXX COFFEE LIPPO MALL', 'LIPPO MALL PURI, JL.PURI INDAH RAYA NO.3BLOK U1, RT.3/RW.2, KEMBANGAN	JAKARTA BARAT (KOTA ADMINISTRASI)', 2, 'INSTAL', '2026-03-31', '', '2026-03-31 17:05:10'),
(72, 70, '84180469', '71636450523', 'SHIHLIN ST. MORITZ 2', 'LIPPO MALL PURI LANTAI 1 FOOD AVENUEBLOK FC -21 .JL. PURI INDAH RAYA BLOK U1PURI INDAH, CBD KEL KEMBANGAN SELATAN KEC KEMBAN	Jakarta Barat (Kota Administrasi)', 1, 'INSTAL', '2026-03-13', '', '2026-03-13 12:16:10'),
(73, 72, '', '', '', '', NULL, NULL, NULL, '', '2026-03-29 09:09:26'),
(74, 79, '84083667', '72020571430', 'LIFF PP', 'PT FAJARINDO ANDALAN KREASIPACIFIC PLACE JAKARTA BACEMENT ONE FLOOR UNIT B119A JL JEND SUDIRMANKAV 52, JAKARTA SELATAN	JAKARTA SELATAN (KOTA ADMINISTRASI)', 2, 'INSTAL', '2026-03-04', 'Alamat Pemasangan: LIPPO MALL PURI', '2026-03-04 15:12:53'),
(75, 82, '', '', '', '', NULL, NULL, NULL, '', '2026-03-26 02:51:58'),
(76, 98, '', '', '', '', NULL, NULL, NULL, '', '2026-03-26 02:51:37'),
(77, 99, '', '', '', '', NULL, NULL, NULL, '', '2026-03-26 02:51:31'),
(78, 103, '84024265', '72014931621', 'THAI STREET LIPPO MALL', 'JL. PURI INDAH RAYABLOK U 1, RT.3/RW.2KEMBANGAN SELKEC. KEMBANGANJAK	Jakarta Barat (Kota Administrasi)', 2, 'INSTAL', '2026-02-25', '', '2026-02-25 12:14:48'),
(79, 60, '', '', '', '', NULL, NULL, NULL, '', '2026-03-26 02:52:22'),
(80, 61, '', '', '', '', NULL, NULL, NULL, '', '2026-03-29 09:10:44'),
(81, 62, '', '', '', '', NULL, NULL, NULL, '', '2026-03-29 09:09:56'),
(82, 73, '', '', '', '', NULL, NULL, NULL, '', '2026-03-26 02:52:14'),
(83, 74, '', '', '', '', NULL, NULL, NULL, '', '2026-03-26 02:52:42'),
(84, 75, '', '', '', '', NULL, NULL, NULL, '', '2026-03-26 02:52:08'),
(85, 76, '', '', '', '', NULL, NULL, NULL, '', '2026-03-26 02:51:44'),
(86, 77, '', '', '', '', NULL, NULL, NULL, '', '2026-03-29 09:08:42'),
(87, 78, '', '', '', '', NULL, NULL, NULL, '', '2026-03-29 09:08:23'),
(88, 100, '', '', '', '', NULL, NULL, NULL, '', '2026-03-26 02:51:20'),
(90, 115, '84100564', '72022147976', 'NAILOOK', 'LIPPO MALL PURI LT UG JL PURI INDAH RAYAKEMBANG SELATAN KEC KEMBANGANJAKARTA BARAT	JAKARTA BARAT (KOTA ADMINISTRASI)', 1, 'INSTAL', '2026-03-04', '', '2026-03-07 02:01:41'),
(92, 114, '84134580', '71637550800', 'HUAWEI EXPERIENCE STORE BY IT GALERI', 'LIPPO MALL PURI LT 1 NO 82JL PURI INDAH BLOK UI KEMBANGAN SELATANJAKARTA BARAT	JAKARTA BARAT (KOTA ADMINISTRASI)', 1, 'REPLACEMENT EDC', '2026-03-08', '', '2026-03-08 15:29:32'),
(93, 118, '', '', '', '', NULL, NULL, NULL, '', '2026-03-29 09:06:14'),
(94, 138, '84150649', '71806530715', 'REMPAH BISTRO - LIPPO MALL PURI', 'LIPPO MALL PURI LT LG 109KEL KEMBANGAN SELATAN KEC KEMBANGANJAKARTA BARAT	JAKARTA BARAT (KOTA ADMINISTRASI)', 1, 'INSTAL', '2026-03-10', '', '2026-03-10 14:52:44'),
(95, 139, '84181373', '72029734044', 'HEDGREN - POP UP LIPPO PURI', 'LIPPO MALL PURI LT LG UG-K-11 JL PURI INDAH RAYABLOK U1 KEL KEMBANGAN SELATANKEC KEMBANGAN JAKARTA BARAT	JAKARTA BARAT (KOTA ADMINISTRASI)', 1, 'INSTAL', '2026-03-12', '', '2026-03-12 17:06:27'),
(96, 137, '84187322', '72030267691', 'THAI STREET LIPPO MALL PU', 'JL. PURI INDAH RAYA BLOK U 1, RT.3/RW.2 KEMBANGAN SEL KEC KEMBANGAN JAKARTA BARAT', 2, 'INSTAL', '2026-03-13', '', '2026-03-13 12:11:57'),
(97, 136, '84193366', '72030832998', 'KIZUNA HAMBURG & GYUKATSU', 'PURI INDAH MALL 2 LT DASAR UNIT P25JL PURI AGUNG RT 001 RW 002 KEMBANGAN SELATANKEC KEMBANGAN JAKARTA BARAT	JAKARTA BARAT (KOTA ADMINISTRASI)', 1, 'INSTAL', '2026-03-13', '', '2026-03-13 23:36:27'),
(98, 140, '', '', '', '', NULL, NULL, NULL, '', '2026-03-26 02:49:02'),
(99, 116, '84193365', '72030832998', 'KIZUNA HAMBURG & GYUKATSU', 'PURI INDAH MALL 2 LT DASAR UNIT P25JL PURI AGUNG RT 001 RW 002 KEMBANGAN SELATANKEC KEMBANGAN JAKARTA BARAT	JAKARTA BARAT (KOTA ADMINISTRASI)', 1, 'INSTAL', '2026-03-13', '', '2026-03-13 23:39:45'),
(100, 102, '84193364', '72030832998', 'KIZUNA HAMBURG & GYUKATSU', 'PURI INDAH MALL 2 LT DASAR UNIT P25JL PURI AGUNG RT 001 RW 002 KEMBANGAN SELATANKEC KEMBANGAN JAKARTA BARAT	JAKARTA BARAT (KOTA ADMINISTRASI)', 1, 'INSTAL', '2026-03-13', '', '2026-03-13 23:42:06'),
(101, 141, '84194529', '72030941713', 'KAY COLLECTION LIPPO', 'LIPPO MALL PURI LT LG/58 JL PURI INDAH RAYA RT 003 RW 002 KEMBANGAN SELATAN KEC KEMBANGAN JAKARTA BARAT', 1, 'INSTAL', '2026-03-13', '', '2026-03-13 23:49:32'),
(102, 143, '84211190', '72032429310', 'POP-UP CLEREANCE LMP', 'JL. PURI INDAH RAYA BLOK U 1, RT.3/RW.2KEL. KEMBANGAN SELATAN KEC. KEMBANGANJAKARTA BARAT', 1, 'INSTAL', '2026-03-16', 'EDC BEKAS PULLOUT', '2026-03-26 02:26:11'),
(103, 142, '84211189', '72032429310', 'POP-UP CLEREANCE LMP', 'JL. PURI INDAH RAYA BLOK U 1, RT.3/RW.2KEL. KEMBANGAN SELATAN KEC. KEMBANGANJAKARTA BARAT', 1, 'INSTAL', '2026-03-16', 'EDC BEKAS PULLOUT', '2026-03-26 02:26:23'),
(104, 105, '84223637', '71020268309', 'DWIDAYA LIPPO MALL PURI (ST. MORITZ)', 'LIPPO MALL PURI LT. 2 UNIT L2-36JL. PURI INDAH RAYA BLOK U1 KEMBANGANJAKARTA BARAT', 1, 'REPLACEMENT EDC', '2026-03-17', '', '2026-03-18 00:18:28'),
(105, 148, '84228988', '71217914050', 'SOCIOLLA LIPPO PURI', 'MALL PURI UPPER GROUND UG-K-01 JL PURI INDAH RAYA BLOK U1 RT 3/RW 2 KEMBANG JAKARTA BARAT', 2, 'INSTAL', '2026-03-18', 'EDC BEKAS PULLOUT', '2026-03-26 02:24:58'),
(106, 147, '84229181', '71627702246', 'SOCIOLLA LIPPO MALL 2', 'PT SOCIOLLA RITEL INDONESIA LIPPO MALL PURI UNIT LG 89, JL PURI INDAH RAYA BLOK U1 RT 3/RW 2 KEMBANGAN SEL, JAKARTA BARAT', 2, 'INSTAL', '2026-03-18', 'EDC BEKAS PULLOUT', '2026-03-26 02:25:13'),
(107, 144, '84228947', '72034067968', 'TEDDY HOUSE - BEYOND THE BLOOMS 2026', 'ATRIUM 2 LIPPO MALL PURI GROUND FLOOR BOOTH #16 JL PURI INDAH RAYA, RT 3 RW 2 KEMBANGAN SELATAN, KEC KEMBANGAN, JAKARTA BARAT', 1, 'INSTAL', '2026-03-18', 'PAMERAN SAMPAI 2 APRIL', '2026-03-19 16:31:56'),
(108, 119, '', '', '', '', 2, 'INSTAL', '2026-03-18', 'TERPAKAI UNTUK MERCHANT  SOCIOLLA LIPPO MALL 2', '2026-03-19 02:05:46'),
(109, 149, '84244153', '71588138114', 'DWIDAYA LIPPO MALL PURI', 'DWIDAYA LIPPO MALL PURI MALL PURI INDAH LT2 RT.3/RW.2 KEL KEMBANG SELATAN KEC KEMBANG JAKARTA BARAT', 2, 'INSTAL', '2026-03-25', 'EDC BEKAS PULLOUT (LLAO LLAO LIPPO MALL PURI)', '2026-04-01 02:09:30'),
(110, 146, '84240883', '72035156974', 'J&C LIPPO MALL PURI', 'GF CORRIDOR 1 BOOTH A1 (DEPAN ERHA) KEC. KEMBANGAN JAKARTA', 1, 'INSTAL', '2026-03-25', '', '2026-03-26 02:38:42'),
(111, 145, '84198438', '72031278775', 'LIFF PACIFIC PLACE JAKARTA', 'PACIFIC PLACE JAKARTA BASEMENT ONE FLOOR UNIT B1-19A, JL. JEND SUDIRMAN KAV 52-53 KEL SENAYAN KEC KEBAYORAN BARU, JAKARTA SELATAN', 1, 'INSTAL', '2026-03-27', '', '2026-03-27 23:37:37'),
(112, 200, '84308039', '72041468682', 'MAXX COFFEE - TERRACE P', 'PURI ST. MORITZ 2 LT.GF, JLN. PURI INDAHRAYA BLOK U1, KEMBANGANJAKARTA	JAKARTA BARAT (KOTA ADMINISTRASI)', 2, 'INSTAL', '2026-03-31', 'EDC BEKAS PULLOUT (IMPERIAL KITHCEN LIPPO MALL PURI)', '2026-03-31 19:14:58'),
(113, 207, '', '', '', '', NULL, NULL, NULL, '', '2026-04-01 02:19:44'),
(115, 230, '', '', '', '', NULL, NULL, NULL, '', '2026-04-02 19:25:23'),
(116, 202, '', '', '', '', NULL, NULL, NULL, 'EDC SUDAH DIKEMBALIKAN KE SANTANA', '2026-04-02 23:06:18'),
(117, 203, '', '', '', '', NULL, NULL, NULL, 'EDC SUDAH DIKEMBALIKAN KE SANTANA', '2026-04-02 23:07:07'),
(118, 201, '', '', '', '', NULL, NULL, NULL, 'EDC SUDAH DIKEMBALIKAN KE SANTANA', '2026-04-02 23:07:51'),
(119, 227, '', '', '', '', NULL, NULL, NULL, 'EDC SUDAH DIKEMBALIKAN KE SANTANA', '2026-04-02 23:08:17'),
(120, 205, '', '', '', '', NULL, NULL, NULL, 'EDC SUDAH DIKEMBALIKAN KE SANTANA', '2026-04-02 23:09:09'),
(121, 208, '', '', '', '', NULL, NULL, NULL, 'EDC SUDAH DIKEMBALIKAN KE SANTANA', '2026-04-02 23:09:50'),
(122, 204, '', '', '', '', NULL, NULL, NULL, 'EDC SUDAH DIKEMBALIKAN KE SANTANA', '2026-04-02 23:13:39'),
(123, 206, '', '', '', '', NULL, NULL, NULL, 'EDC SUDAH DIKEMBALIKAN KE SANTANA', '2026-04-02 23:14:13'),
(124, 187, '', '', '', '', NULL, NULL, NULL, 'EDC SUDAH DIKEMBALIKAN KE SANTANA', '2026-04-02 23:14:47'),
(125, 216, '', '', '', '', NULL, NULL, NULL, 'EDC SUDAH DIKEMBALIKAN KE SANTANA', '2026-04-02 23:15:22'),
(126, 220, '', '', '', '', NULL, NULL, NULL, 'EDC SUDAH DIKEMBALIKAN KE SANTANA', '2026-04-02 23:16:04'),
(127, 213, '', '', '', '', NULL, NULL, NULL, 'EDC SUDAH DIKEMBALIKAN KE SANTANA', '2026-04-02 23:17:12'),
(128, 209, '', '', '', '', NULL, NULL, NULL, 'EDC SUDAH DIKEMBALIKAN KE SANTANA', '2026-04-02 23:17:55'),
(129, 210, '', '', '', '', NULL, NULL, NULL, 'EDC SUDAH DIKEMBALIKAN KE SANTANA', '2026-04-02 23:18:32'),
(130, 218, '', '', '', '', NULL, NULL, NULL, 'EDC SUDAH DIKEMBALIKAN KE SANTANA', '2026-04-02 23:19:15'),
(131, 219, '', '', '', '', NULL, NULL, NULL, 'EDC SUDAH DIKEMBALIKAN KE SANTANA', '2026-04-02 23:19:49'),
(133, 150, '', '', '', '', NULL, NULL, NULL, 'EDC SUDAH DIKEMBALIKAN KE SANTANA', '2026-04-08 23:52:10'),
(134, 151, '', '', '', '', NULL, NULL, NULL, 'EDC SUDAH DIKEMBALIKAN KE SANTANA', '2026-04-08 23:51:55'),
(135, 154, '', '', '', '', NULL, NULL, NULL, 'EDC SUDAH DIKEMBALIKAN KE SANTANA', '2026-04-08 23:51:43'),
(136, 158, '', '', '', '', NULL, NULL, NULL, 'EDC SUDAH DIKEMBALIKAN KE SANTANA', '2026-04-08 23:51:30'),
(137, 159, '', '', '', '', NULL, NULL, NULL, 'EDC SUDAH DIKEMBALIKAN KE SANTANA', '2026-04-08 23:51:17'),
(138, 161, '', '', '', '', NULL, NULL, NULL, 'EDC SUDAH DIKEMBALIKAN KE SANTANA', '2026-04-08 23:51:03'),
(139, 162, '', '', '', '', NULL, NULL, NULL, 'EDC SUDAH DIKEMBALIKAN KE SANTANA', '2026-04-08 23:50:49'),
(140, 165, '', '', '', '', NULL, NULL, NULL, 'EDC SUDAH DIKEMBALIKAN KE SANTANA', '2026-04-08 23:50:32'),
(141, 166, '', '', '', '', NULL, NULL, NULL, 'EDC SUDAH DIKEMBALIKAN KE SANTANA', '2026-04-08 23:50:14'),
(142, 167, '', '', '', '', NULL, NULL, NULL, 'EDC SUDAH DIKEMBALIKAN KE SANTANA', '2026-04-08 23:49:57'),
(143, 231, '', '', '', '', NULL, NULL, NULL, 'EDC SUDAH DIKEMBALIKAN KE SANTANA', '2026-04-08 23:49:42'),
(144, 233, '', '', '', '', NULL, NULL, NULL, 'EDC SUDAH DIKEMBALIKAN KE SANTANA', '2026-04-08 23:49:21'),
(145, 235, '', '', '', '', NULL, NULL, NULL, '', '2026-04-08 01:01:47'),
(146, 237, '84433495', '72053255506', 'TEDDY HOUSE - EXPO LIPPO MALL PURI 2026', 'LIPPO MALL PURI CORRIDOR LOCK & LOCKJL. PURI INDAH RAYA, RT.3/RW.2KEL KEMBANGAN SEL KEC KEMBANGAN, JAKARTA BARAT (KOTA ADMINISTRASI)', 1, 'INSTAL', '2026-04-11', '', '2026-04-11 10:31:12'),
(147, 236, '84429925', '71675275026', 'SCOOP LIPPO MAL PURI', 'LIPPO MALL PURI LT LGL PURI INDAH RAYA BLOK U1 RT 3 RW 2KEMBANGAN, JAKARTA BARAT (KOTA ADMINISTRASI)', 1, 'REPLACEMENT EDC', '2026-04-11', '', '2026-04-11 19:10:30'),
(148, 228, '84436420', '71924547776', 'D`MANDA', 'JL.PURI INDAH RAYA BLOK.U1 , RT. 003 / RW. 002KEL. KEMBANGAN SELATAN, KEC. KEMBANGANJAKARTA BARAT', 1, 'REPLACEMENT EDC', '2026-04-11', '', '2026-04-11 19:08:56'),
(149, 199, '', '', '', '', NULL, NULL, NULL, '', '2026-04-15 23:53:45'),
(150, 177, '', '', '', '', NULL, NULL, NULL, '', '2026-04-15 23:47:26'),
(151, 178, '', '', '', '', NULL, NULL, NULL, '', '2026-04-15 23:47:58'),
(152, 179, '', '', '', '', NULL, NULL, NULL, '', '2026-04-15 23:48:28'),
(153, 188, '', '', '', '', NULL, NULL, NULL, '', '2026-04-15 23:48:44'),
(154, 189, '', '', '', '', NULL, NULL, NULL, '', '2026-04-15 23:49:36'),
(155, 190, '', '', '', '', NULL, NULL, NULL, '', '2026-04-15 23:50:08'),
(156, 191, '', '', '', '', NULL, NULL, NULL, '', '2026-04-15 23:50:41'),
(157, 192, '', '', '', '', NULL, NULL, NULL, '', '2026-04-15 23:51:09'),
(158, 193, '', '', '', '', NULL, NULL, NULL, '', '2026-04-15 23:51:26'),
(159, 194, '', '', '', '', NULL, NULL, NULL, '', '2026-04-15 23:51:41'),
(160, 195, '', '', '', '', NULL, NULL, NULL, '', '2026-04-15 23:52:05'),
(161, 196, '', '', '', '', NULL, NULL, NULL, '', '2026-04-15 23:52:22'),
(162, 197, '', '', '', '', NULL, NULL, NULL, '', '2026-04-15 23:52:51'),
(163, 198, '', '', '', '', NULL, NULL, NULL, '', '2026-04-15 23:53:20'),
(164, 212, '', '', '', '', NULL, NULL, NULL, '', '2026-04-15 23:54:05'),
(165, 214, '', '', '', '', NULL, NULL, NULL, '', '2026-04-15 23:54:21'),
(166, 217, '', '', '', '', NULL, NULL, NULL, '', '2026-04-15 23:54:37'),
(167, 221, '', '', '', '', NULL, NULL, NULL, '', '2026-04-15 23:54:51'),
(168, 222, '', '', '', '', NULL, NULL, NULL, '', '2026-04-15 23:55:28'),
(169, 234, '', '', '', '', NULL, NULL, NULL, '', '2026-04-15 23:55:45'),
(170, 244, '', '', '', '', NULL, NULL, NULL, '', '2026-04-15 23:56:16'),
(171, 245, '', '', '', '', NULL, NULL, NULL, '', '2026-04-15 23:56:34'),
(172, 246, '', '', '', '', NULL, NULL, NULL, '', '2026-04-15 23:56:52'),
(173, 247, '', '', '', '', NULL, NULL, NULL, '', '2026-04-15 23:57:13'),
(174, 248, '', '', '', '', NULL, NULL, NULL, '', '2026-04-15 23:57:31'),
(175, 249, '', '', '', '', NULL, NULL, NULL, '', '2026-04-15 23:57:46'),
(176, 250, '', '', '', '', NULL, NULL, NULL, '', '2026-04-15 23:58:01'),
(177, 251, '', '', '', '', NULL, NULL, NULL, '', '2026-04-15 23:58:15'),
(178, 254, '', '', '', '', NULL, NULL, NULL, '', '2026-04-15 23:58:34');

-- --------------------------------------------------------

--
-- Table structure for table `member_bank`
--

CREATE TABLE `member_bank` (
  `id_member` int(11) NOT NULL,
  `name_member` varchar(100) DEFAULT NULL,
  `status` enum('Active','Not Active') NOT NULL,
  `created_at` datetime DEFAULT NULL,
  `updated_at` datetime DEFAULT NULL
) ENGINE=InnoDB DEFAULT CHARSET=utf8mb4 COLLATE=utf8mb4_general_ci;

--
-- Dumping data for table `member_bank`
--

INSERT INTO `member_bank` (`id_member`, `name_member`, `status`, `created_at`, `updated_at`) VALUES
(1, 'BANK MANDIRI', 'Active', '2026-02-25 00:21:43', '2026-03-01 01:04:07'),
(2, 'BANK BNI', 'Active', '2026-02-25 00:21:51', NULL),
(3, 'BANK BRI', 'Active', '2026-02-25 00:22:01', NULL),
(4, 'BANK BTN', 'Active', '2026-02-25 00:22:12', NULL),
(5, 'EDC SHARING', 'Active', '2026-02-25 00:22:51', NULL),
(6, 'BANK DANAMON', 'Active', '2026-02-25 00:23:25', NULL),
(7, 'BANK OCBC', 'Active', '2026-02-25 00:23:38', NULL);

-- --------------------------------------------------------

--
-- Table structure for table `product_type`
--

CREATE TABLE `product_type` (
  `id_product` int(11) NOT NULL,
  `name_product` varchar(200) DEFAULT NULL,
  `status` enum('Active','Not Active') NOT NULL,
  `created_at` datetime DEFAULT NULL,
  `updated_at` datetime DEFAULT NULL
) ENGINE=InnoDB DEFAULT CHARSET=utf8mb4 COLLATE=utf8mb4_general_ci;

--
-- Dumping data for table `product_type`
--

INSERT INTO `product_type` (`id_product`, `name_product`, `status`, `created_at`, `updated_at`) VALUES
(1, 'INGENICO MOVE 2500 4G', 'Active', '2026-02-22 01:46:17', '2026-02-24 20:29:59'),
(2, 'INGENICO MOVE 2500 WIFI 4G', 'Active', '2026-02-22 01:46:39', '2026-02-25 00:16:33'),
(3, 'AXIUM DX8000', 'Active', '2026-02-22 01:47:13', '2026-02-25 00:16:42'),
(4, 'AXIUM DX4000', 'Active', '2026-02-22 01:47:29', '2026-03-28 22:39:41'),
(5, 'NEWLAND N950', 'Active', '2026-02-22 01:48:30', '2026-02-25 00:16:56'),
(6, 'NEWLAND SP630 PRO', 'Active', '2026-02-22 01:49:13', '2026-02-25 00:17:01'),
(7, 'SUNMI P3', 'Active', '2026-02-22 01:49:41', '2026-03-25 01:56:57'),
(8, 'CASTLES VEGA3000', 'Active', '2026-02-22 01:50:48', '2026-03-28 00:57:55'),
(9, 'SAMCARD MANDIRI', 'Active', '2026-02-25 09:14:29', '2026-02-25 09:15:15'),
(10, 'SIMCARD TSEL', 'Active', '2026-02-25 09:14:43', NULL),
(11, 'SIMCARD XL', 'Active', '2026-02-25 09:14:53', NULL),
(12, 'SAMCARD BNI', 'Active', '2026-02-25 09:15:23', NULL),
(13, 'SAMCARD BRI', 'Active', '2026-02-25 09:15:31', NULL),
(14, 'STICKER', 'Active', '2026-04-03 03:08:51', '2026-04-09 00:01:19');

-- --------------------------------------------------------

--
-- Table structure for table `return_edc`
--

CREATE TABLE `return_edc` (
  `id_return` int(11) NOT NULL,
  `user_id` int(11) NOT NULL,
  `sn_edc` varchar(100) DEFAULT NULL,
  `sn_simcard` varchar(100) DEFAULT NULL,
  `sn_samcard1` varchar(100) DEFAULT NULL,
  `sn_samcard2` varchar(100) DEFAULT NULL,
  `sn_samcard3` varchar(100) DEFAULT NULL,
  `status1` enum('Technician','HO') NOT NULL,
  `status2` enum('EDC Normal / Lengkap','EDC Normal / TIdak Lengkap','EDC Rusak / Lengkap','EDC Rusak / TIdak Lengkap') NOT NULL,
  `date_tech` date DEFAULT NULL,
  `date_to_ho` date DEFAULT NULL,
  `note` varchar(250) DEFAULT NULL,
  `created_at` datetime NOT NULL,
  `updated_at` datetime NOT NULL
) ENGINE=InnoDB DEFAULT CHARSET=utf8mb4 COLLATE=utf8mb4_general_ci;

--
-- Dumping data for table `return_edc`
--

INSERT INTO `return_edc` (`id_return`, `user_id`, `sn_edc`, `sn_simcard`, `sn_samcard1`, `sn_samcard2`, `sn_samcard3`, `status1`, `status2`, `date_tech`, `date_to_ho`, `note`, `created_at`, `updated_at`) VALUES
(26, 6, '23CEKD4H2125', '6210001590845240', NULL, NULL, NULL, 'Technician', 'EDC Normal / TIdak Lengkap', '2026-02-12', '2026-02-13', 'EDC REPLACE / CHARGER HILANG', '2026-02-13 01:20:24', '2026-02-13 01:21:24'),
(27, 6, NULL, '6210006490852797', NULL, NULL, NULL, 'Technician', 'EDC Rusak / Lengkap', '2026-02-12', '0000-00-00', 'SIMCARD RUSAK', '2026-02-13 01:29:50', '2026-02-13 01:31:18'),
(28, 6, '230307303321246629261186', '6210009390131336', NULL, NULL, NULL, 'Technician', 'EDC Normal / Lengkap', '2026-02-12', '0000-00-00', 'EDC PULLOUT / REPLACE', '2026-02-13 01:36:29', '2026-02-16 23:39:04'),
(29, 6, '232157303231246452867914', '6210001590843167', NULL, NULL, NULL, 'Technician', 'EDC Normal / Lengkap', '2026-02-10', '0000-00-00', 'EDC REPLACE', '2026-02-14 01:34:33', '2026-02-16 22:46:59'),
(30, 6, '230387303321246629434125', '6210007090444547', NULL, NULL, NULL, 'Technician', 'EDC Normal / Lengkap', '2026-02-10', '0000-00-00', 'EDC REPLACE', '2026-02-14 01:35:25', '2026-02-16 23:40:13'),
(31, 6, 'P3B6259JJ5143', '6210009790733833', NULL, NULL, NULL, 'Technician', 'EDC Normal / Lengkap', '2026-02-10', NULL, 'EDC REPLACE', '2026-02-14 01:41:51', '0000-00-00 00:00:00'),
(32, 6, '07303321246622000060', '6210009390527387', NULL, NULL, NULL, 'Technician', 'EDC Normal / Lengkap', '2026-01-07', '2026-01-24', 'EDC PULLOUT, SUDAH DIGUNAKAN UNTUK REPLACE TOUS LES JOUR LIPPO MALL PURI', '2026-02-16 00:59:26', '2026-02-16 01:00:39'),
(33, 6, 'NCB801268929', '6210001590900650', NULL, NULL, NULL, 'Technician', 'EDC Normal / Lengkap', '2026-02-10', '2026-02-16', 'EDC PULLOUT, SUDAH DIGUNAKAN INSTALL UNTUK MERCHANT JKT - LIPPO MALL PURI TEA HOUSE', '2026-02-16 13:38:27', '2026-02-16 13:42:00'),
(34, 6, '232347303231246453158116', '6210009390536244', NULL, NULL, '1100000001407094', 'Technician', 'EDC Normal / Lengkap', '2026-01-30', NULL, 'PULLOUT', '2026-02-16 22:50:30', '0000-00-00 00:00:00'),
(35, 6, '23BRKD827051', '8962115393994212094', NULL, NULL, NULL, 'Technician', 'EDC Normal / Lengkap', '2026-01-29', NULL, 'EDC REPLACE SUNMI', '2026-02-16 22:59:23', '0000-00-00 00:00:00'),
(36, 6, 'NCB801256593', '8962115393995392408', NULL, NULL, NULL, 'Technician', 'EDC Normal / Lengkap', '2026-01-31', NULL, 'EDC REPLACE, TIDAK ADA CHARGER', '2026-02-16 23:02:37', '0000-00-00 00:00:00'),
(37, 6, '243KKD8A1526', '6210009390753239', NULL, NULL, NULL, 'Technician', 'EDC Normal / Lengkap', '2026-01-30', NULL, 'EDC PULLOUT', '2026-02-16 23:12:29', '0000-00-00 00:00:00'),
(38, 6, '244CMD8T1112', '6210001590683119', NULL, NULL, NULL, 'Technician', 'EDC Normal / TIdak Lengkap', '2026-01-26', NULL, 'EDC REPLACE SUNMI', '2026-02-16 23:16:33', '0000-00-00 00:00:00'),
(39, 6, '23C4MD8E4482', '6210009390513310', NULL, NULL, NULL, 'Technician', 'EDC Normal / Lengkap', '2026-01-30', '0000-00-00', 'EDC PULLOUT', '2026-02-16 23:19:37', '2026-02-16 23:19:56'),
(40, 6, '212707303321246622007291', '6210009390370576', NULL, NULL, NULL, 'Technician', 'EDC Rusak / Lengkap', '2026-02-06', NULL, 'EDC REPLACE, ALLERT IRRUPTION', '2026-02-16 23:27:38', '0000-00-00 00:00:00'),
(41, 6, '238CKD8L3533', '6210009294770433', NULL, NULL, NULL, 'Technician', 'EDC Normal / Lengkap', '2026-01-31', '0000-00-00', 'EDC PULLOUT', '2026-02-16 23:29:41', '2026-02-16 23:30:03'),
(42, 6, '23CBMD8F5488', '8962115393995634981', NULL, NULL, NULL, 'Technician', 'EDC Normal / Lengkap', '2026-01-29', '0000-00-00', 'EDC REPLACE SUNMI', '2026-02-16 23:32:32', '2026-02-16 23:32:52'),
(43, 6, '243KKD8A2074', '8962115393995507807', NULL, NULL, NULL, 'Technician', 'EDC Normal / Lengkap', '2026-01-29', '0000-00-00', 'EDC REPLACE SUNMI', '2026-02-16 23:35:28', '2026-02-16 23:35:43'),
(44, 6, 'NCB801253085', '6210009390471719', NULL, NULL, NULL, 'Technician', 'EDC Normal / Lengkap', '2025-12-18', '0000-00-00', 'EDC PULLOUT', '2026-02-16 23:41:57', '2026-02-16 23:42:10'),
(45, 6, 'NCB801260791', '6210001590843657', NULL, NULL, NULL, 'Technician', 'EDC Rusak / Lengkap', '2026-01-30', '0000-00-00', 'EDC REPLACE / TOMBOL POWER KERAS', '2026-02-16 23:44:43', '2026-02-16 23:45:06'),
(46, 6, 'P3B6259KJ2285', '8962115393996157230', NULL, NULL, NULL, 'Technician', 'EDC Normal / Lengkap', '2026-02-16', '2026-03-16', 'EDC PULLOUT / Terpakai Untuk Instal', '2026-02-18 13:41:11', '2026-03-16 17:29:12'),
(47, 6, '233007303231246453987317', '8962115393995107665', NULL, NULL, NULL, 'Technician', 'EDC Normal / TIdak Lengkap', '2026-02-20', NULL, 'PULLOUT / CHARGER HILANG', '2026-02-21 00:59:05', '0000-00-00 00:00:00'),
(48, 6, '232997303231246453974034', '6210009390121779', NULL, NULL, NULL, 'Technician', 'EDC Normal / TIdak Lengkap', '2026-02-20', NULL, 'PULLOUT / CHARGER HILANG', '2026-02-21 01:00:01', '0000-00-00 00:00:00'),
(49, 6, '232317303231246453113085', '8962115393995795758', NULL, NULL, NULL, 'Technician', 'EDC Normal / TIdak Lengkap', '2026-01-22', NULL, 'TIDAK ADA CHARGER', '2026-02-27 14:35:33', '0000-00-00 00:00:00'),
(50, 6, '230817303231246450263783', '6210006490718228', NULL, NULL, NULL, 'Technician', 'EDC Rusak / Lengkap', '2026-02-27', NULL, 'EDC MATI TOTAL', '2026-02-27 14:41:03', '0000-00-00 00:00:00'),
(51, 6, '223247303231246427995969', '6210007090438969', NULL, NULL, NULL, 'Technician', 'EDC Rusak / Lengkap', '2026-02-27', NULL, 'EDC ALLERT IRRUPTION', '2026-02-27 14:43:52', '0000-00-00 00:00:00'),
(52, 6, '223257303231246428023347', '6210006490725850', NULL, NULL, NULL, 'Technician', 'EDC Normal / Lengkap', '2026-02-27', NULL, '', '2026-02-27 14:47:12', '0000-00-00 00:00:00'),
(53, 6, '247TMD820854', '6210009790723066', NULL, NULL, NULL, 'Technician', 'EDC Normal / Lengkap', '2026-02-27', NULL, 'EDC PULLOUT', '2026-02-27 14:48:35', '0000-00-00 00:00:00'),
(54, 6, '212707303321246621999767', '6210001590911121', NULL, NULL, NULL, 'Technician', 'EDC Normal / TIdak Lengkap', '2026-02-27', NULL, 'PULLOUT/CHARGER RUSAK', '2026-02-27 14:50:53', '0000-00-00 00:00:00'),
(55, 6, '220087303321246623323289', '6210009294171804', NULL, NULL, NULL, 'Technician', 'EDC Normal / Lengkap', '2026-02-27', NULL, 'EDC REPLACE', '2026-02-27 14:53:25', '0000-00-00 00:00:00'),
(56, 6, '232537303231246453359174', '6210009390131019', NULL, NULL, NULL, 'Technician', 'EDC Normal / Lengkap', '2026-02-27', NULL, 'EDC PULLOUT', '2026-02-27 14:57:01', '0000-00-00 00:00:00'),
(57, 6, '223267303231246428040565', '6210001590911090', NULL, NULL, NULL, 'Technician', 'EDC Normal / Lengkap', '2026-02-27', NULL, 'EDC PULLOUT', '2026-02-27 14:59:33', '0000-00-00 00:00:00'),
(58, 6, '231157303231246450971092', '6210006490886758', NULL, NULL, NULL, 'Technician', 'EDC Normal / Lengkap', '2026-02-27', NULL, 'EDC REPLACE', '2026-02-27 15:40:40', '0000-00-00 00:00:00'),
(59, 6, '23CBMD8F4552', '6210009390493909', NULL, NULL, NULL, 'Technician', 'EDC Normal / Lengkap', '2026-02-27', NULL, 'EDC PULLOUT', '2026-02-27 15:43:22', '0000-00-00 00:00:00'),
(60, 6, '23CBMD8E7070', '6210009390505780', NULL, NULL, NULL, 'Technician', 'EDC Normal / Lengkap', '2026-02-27', NULL, 'EDC PULLOUT', '2026-02-27 15:45:28', '0000-00-00 00:00:00'),
(61, 6, '23CBMD8E5440', '6210009390493734', NULL, NULL, NULL, 'Technician', 'EDC Normal / Lengkap', '2026-02-27', NULL, 'EDC PULLOUT', '2026-02-27 15:46:57', '0000-00-00 00:00:00'),
(62, 6, '23CBMD8E5432', '6210009390512983', NULL, NULL, NULL, 'Technician', 'EDC Normal / Lengkap', '2026-02-27', '0000-00-00', 'EDC PULLOUT', '2026-02-27 15:48:53', '2026-02-27 15:49:42'),
(63, 6, 'NCC302942034', '6210001590882573', NULL, NULL, NULL, 'Technician', 'EDC Normal / Lengkap', '2026-02-27', NULL, 'EDC PULLOUT', '2026-02-27 15:51:19', '0000-00-00 00:00:00'),
(64, 6, '2397KD8Q6463', '6210001590909250', NULL, NULL, NULL, 'Technician', 'EDC Normal / Lengkap', '2026-02-27', NULL, 'EDC PULLOUT', '2026-02-27 15:53:56', '0000-00-00 00:00:00'),
(65, 6, '231167303231248350982837', '6210007090444051', NULL, NULL, NULL, 'Technician', 'EDC Rusak / Lengkap', '2026-02-27', NULL, 'EDC REPLACEMENT/ ALLERT IRRUPTION', '2026-02-27 15:58:59', '0000-00-00 00:00:00'),
(66, 6, '230817303231246450270121', '6210006490882462', NULL, NULL, NULL, 'Technician', 'EDC Rusak / Lengkap', '2026-02-27', NULL, 'EDC REPLACE/ ALLERT IRRUPTION', '2026-02-27 16:01:23', '0000-00-00 00:00:00'),
(67, 6, '231867303231246452393606', '6210009390040383', NULL, NULL, NULL, 'Technician', 'EDC Normal / Lengkap', '2026-02-27', NULL, 'EDC PULLOUT', '2026-02-27 16:03:44', '0000-00-00 00:00:00'),
(68, 6, '125230613624', '6210001590902833', NULL, NULL, NULL, 'Technician', 'EDC Normal / Lengkap', '2026-02-27', NULL, 'EDC PULLOUT', '2026-02-27 16:16:15', '0000-00-00 00:00:00'),
(69, 6, '2394KD8Q1545', '6210009790725348', NULL, NULL, NULL, 'Technician', 'EDC Rusak / Lengkap', '2026-02-27', NULL, 'EDC REPLACE/ PRINTER ERROR', '2026-02-27 16:19:57', '0000-00-00 00:00:00'),
(70, 6, '2465MD8W8129', '6210009390037437', NULL, NULL, NULL, 'Technician', 'EDC Normal / Lengkap', '2026-03-16', '2026-03-16', 'EDC PULLOUT / TERPAKAI UNTUK INSTAL', '2026-03-16 17:30:19', '2026-03-16 17:30:32'),
(71, 6, '2466MD8X4522', '6210009390012474', NULL, NULL, NULL, 'Technician', 'EDC Normal / Lengkap', '2026-03-19', '2026-03-18', 'TERPAKAI INSTAL MERCHANT SOCIOLLA LIPPO MALL 2 LT LG', '2026-03-19 01:50:30', '2026-03-19 02:01:28'),
(72, 6, '238FKD8L6210', '6210001590858186', NULL, NULL, NULL, 'Technician', 'EDC Normal / Lengkap', '2026-03-18', '2026-03-18', 'TERPAKAI INSTAL MERCHANT SOCIOLLA LIPPO PURI LT UG', '2026-03-19 01:51:35', '2026-03-19 02:00:59');

-- --------------------------------------------------------

--
-- Table structure for table `stock`
--

CREATE TABLE `stock` (
  `id_stock` int(11) NOT NULL,
  `user_id` int(11) DEFAULT NULL,
  `sn_edc` varchar(100) DEFAULT NULL,
  `requirements` enum('STOCK','RETURN') DEFAULT NULL,
  `id_product_name` int(11) DEFAULT NULL,
  `id_edc_color` int(11) DEFAULT NULL,
  `sn_simcard` varchar(50) DEFAULT NULL,
  `sn_samcard1` varchar(50) DEFAULT NULL,
  `sn_samcard2` varchar(50) DEFAULT NULL,
  `sn_samcard3` varchar(50) DEFAULT NULL,
  `date_pickup` date NOT NULL,
  `date_sendto_ho` date DEFAULT NULL,
  `status_edc` enum('Not yet used','Used','Terlink','None','HO Santana') NOT NULL,
  `status_condition` enum('GOOD COMPLETE (EDC baik & lengkap)','GOOD INCOMPLETE (EDC baik tapi tidak lengkap)','DAMAGE COMPLETE (EDC rusak tapi lengkap)','DAMAGE INCOMPLETE (EDC rusak & tidak lengkap)') DEFAULT NULL,
  `created_at` datetime DEFAULT NULL,
  `updated_at` datetime DEFAULT NULL
) ENGINE=InnoDB DEFAULT CHARSET=utf8mb4 COLLATE=utf8mb4_general_ci;

--
-- Dumping data for table `stock`
--

INSERT INTO `stock` (`id_stock`, `user_id`, `sn_edc`, `requirements`, `id_product_name`, `id_edc_color`, `sn_simcard`, `sn_samcard1`, `sn_samcard2`, `sn_samcard3`, `date_pickup`, `date_sendto_ho`, `status_edc`, `status_condition`, `created_at`, `updated_at`) VALUES
(55, 6, '230557303321246629759797', 'STOCK', 2, 1, '62100093904758971', '', '', '', '2026-02-11', NULL, 'Not yet used', 'GOOD COMPLETE (EDC baik & lengkap)', '2026-02-12 00:00:00', '2026-03-29 09:10:27'),
(56, 6, '223387303321246628276549', 'STOCK', 2, 1, '6210009390509492', '', '', '', '2026-02-11', NULL, 'Not yet used', 'GOOD COMPLETE (EDC baik & lengkap)', '2026-02-12 00:00:00', '2026-03-29 09:10:54'),
(57, 6, '220687303321246624017704', 'STOCK', 2, 1, '6210009390401136', '', '', '', '2026-02-11', NULL, 'Not yet used', 'GOOD COMPLETE (EDC baik & lengkap)', '2026-02-12 00:00:00', '2026-03-29 09:10:12'),
(58, 6, '2394KD8Q2495', 'STOCK', 3, 1, '6210001590886842', '', '', '', '2026-02-11', NULL, 'Used', 'GOOD COMPLETE (EDC baik & lengkap)', '2026-02-12 00:00:00', '2026-02-25 00:25:38'),
(59, 6, '', 'STOCK', NULL, NULL, '6210001590861648', '', '', '', '2026-02-11', NULL, 'Used', 'GOOD COMPLETE (EDC baik & lengkap)', '2026-02-12 00:00:00', '2026-02-14 15:01:19'),
(60, 6, '', 'STOCK', 10, NULL, '6210002594425255', '', '', '', '2026-02-11', NULL, 'Not yet used', 'GOOD COMPLETE (EDC baik & lengkap)', '2026-02-12 00:00:00', '2026-03-26 02:52:22'),
(61, 6, '', 'STOCK', 9, NULL, '', '0D706E84E52E8C', '', '', '2026-02-11', NULL, 'Not yet used', 'GOOD COMPLETE (EDC baik & lengkap)', '2026-02-12 00:00:00', '2026-03-29 09:10:44'),
(62, 6, '', 'STOCK', 9, NULL, '', '0D706E88543A82', '', '', '2026-02-11', NULL, 'Not yet used', 'GOOD COMPLETE (EDC baik & lengkap)', '2026-02-12 00:00:00', '2026-03-29 09:09:56'),
(63, 6, '239VMD859332', 'STOCK', 3, 1, '6210009790668953', '', '', '', '2026-02-11', NULL, 'Used', 'GOOD COMPLETE (EDC baik & lengkap)', '2026-02-12 00:00:00', '2026-02-25 00:25:58'),
(66, 6, '2466MD8X1587', 'RETURN', 3, 1, '6210009390039759', '', '', '', '2026-02-06', NULL, 'None', 'GOOD COMPLETE (EDC baik & lengkap)', '2026-02-12 00:00:00', '2026-03-26 02:40:34'),
(67, 16, '2449MD8S9968', 'STOCK', 3, 1, '6210001590950970', '', '', '', '2026-02-06', NULL, 'Used', 'GOOD COMPLETE (EDC baik & lengkap)', '2026-02-12 00:00:00', '2026-02-25 00:42:37'),
(68, 6, 'NCB801266265', 'STOCK', 5, 2, '6210001590861648', '', '', '', '2026-02-06', NULL, 'Used', 'GOOD COMPLETE (EDC baik & lengkap)', '2026-02-12 00:00:00', '2026-02-25 00:44:48'),
(69, 6, 'NCC603805445', 'STOCK', 5, 2, '6210001590858392', '', '', '', '2026-02-13', NULL, 'Used', 'GOOD COMPLETE (EDC baik & lengkap)', '2026-02-13 00:00:00', '2026-02-27 22:41:39'),
(70, 6, 'P3B6259JJ5063', 'STOCK', 7, 1, '8962115393991023148', '', '', '', '2026-02-13', NULL, 'Used', 'GOOD COMPLETE (EDC baik & lengkap)', '2026-02-13 00:00:00', '2026-03-13 12:16:10'),
(71, 6, 'P3B6259CJ2740', 'STOCK', 7, 1, '6210009790663459', '', '', '', '2026-02-13', NULL, 'Used', 'GOOD COMPLETE (EDC baik & lengkap)', '2026-02-13 00:00:00', '2026-03-13 12:14:38'),
(72, 6, '223387303321246628282179', 'STOCK', 2, 1, '6210001590858398', '', '', '', '2026-02-13', NULL, 'Not yet used', 'GOOD COMPLETE (EDC baik & lengkap)', '2026-02-13 00:00:00', '2026-03-29 09:09:26'),
(73, 6, '', 'STOCK', 10, NULL, '6210007094239837', '', '', '', '2026-02-13', NULL, 'Not yet used', 'GOOD COMPLETE (EDC baik & lengkap)', '2026-02-14 00:00:00', '2026-03-26 02:52:14'),
(74, 6, '', 'STOCK', 10, NULL, '6210002594425300', '', '', '', '2026-02-13', NULL, 'Not yet used', 'GOOD COMPLETE (EDC baik & lengkap)', '2026-02-14 00:00:00', '2026-03-26 02:52:42'),
(75, 6, '', 'STOCK', 10, NULL, '6210001590934234', '', '', '', '2026-02-13', NULL, 'Not yet used', 'GOOD COMPLETE (EDC baik & lengkap)', '2026-02-14 00:00:00', '2026-03-26 02:52:08'),
(76, 6, '', 'STOCK', 10, NULL, '6210009390088755', '', '', '', '2026-02-13', NULL, 'Not yet used', 'GOOD COMPLETE (EDC baik & lengkap)', '2026-02-14 00:00:00', '2026-03-26 02:51:44'),
(77, 6, '', 'STOCK', 9, NULL, '', '0D706E8654867D', '', '', '2026-02-13', NULL, 'Not yet used', 'GOOD COMPLETE (EDC baik & lengkap)', '2026-02-14 00:00:00', '2026-03-29 09:08:42'),
(78, 6, '', 'STOCK', 9, NULL, '', '0D706E86594E0A', '', '', '2026-02-13', NULL, 'Not yet used', 'GOOD COMPLETE (EDC baik & lengkap)', '2026-02-14 00:00:00', '2026-03-29 09:08:23'),
(79, 6, '243KKD8A0923', 'STOCK', 3, 1, '6210001590843093', '', '', '', '2026-01-12', NULL, 'Used', 'GOOD COMPLETE (EDC baik & lengkap)', '2026-02-14 00:00:00', '2026-03-04 15:12:53'),
(80, 6, 'NCC603704031', 'STOCK', 5, 1, '6210006490859860', '', '', '', '2026-01-27', NULL, 'Not yet used', 'GOOD COMPLETE (EDC baik & lengkap)', '2026-02-14 00:00:00', '2026-03-29 09:08:08'),
(81, 6, 'NCC603733182', 'STOCK', 5, 1, '6210005394285518', '', '', '', '2026-01-01', NULL, 'Not yet used', 'GOOD COMPLETE (EDC baik & lengkap)', '2026-02-14 00:00:00', '2026-03-29 09:07:49'),
(82, 6, '', 'STOCK', 10, NULL, '6210006490862800', '', '', '', '2026-01-01', NULL, 'Not yet used', 'GOOD COMPLETE (EDC baik & lengkap)', '2026-02-14 00:00:00', '2026-03-26 02:51:58'),
(83, 18, '2394KD8Q1726', 'STOCK', 3, 1, '6210009294700546', '', '', '', '2025-12-09', NULL, 'Used', 'GOOD COMPLETE (EDC baik & lengkap)', '2026-02-14 00:00:00', '2026-03-29 09:04:56'),
(84, 6, '23CBMD8F7077', 'STOCK', 3, 1, '6210009390425395', '', '', '', '2026-02-05', NULL, 'Used', 'GOOD COMPLETE (EDC baik & lengkap)', '2026-02-14 00:00:00', '2026-02-25 00:27:22'),
(91, 6, '212707303321246622000060', 'STOCK', 1, 1, '6210009390527387', '', '', '', '2026-01-07', NULL, 'Used', 'GOOD COMPLETE (EDC baik & lengkap)', '2026-02-16 00:00:00', '2026-02-25 00:44:18'),
(92, 6, 'NCB801268929', 'STOCK', 5, 2, '6210001590900650', '', '', '', '2026-02-16', NULL, 'Used', 'GOOD COMPLETE (EDC baik & lengkap)', '2026-02-16 00:00:00', '2026-03-02 02:39:36'),
(93, 6, '2465MD8W8653', 'STOCK', 3, 1, '6210001590906931', '', '', '', '2026-02-19', NULL, 'Used', 'GOOD COMPLETE (EDC baik & lengkap)', '2026-02-19 00:00:00', '2026-02-25 00:28:34'),
(94, 6, '246KKD8H1279', 'STOCK', 3, 1, '6210001590874020', '', '', '', '2026-02-19', NULL, 'Used', 'GOOD COMPLETE (EDC baik & lengkap)', '2026-02-19 00:00:00', '2026-02-25 00:57:07'),
(95, 6, '2465MD8W8652', 'STOCK', 3, 1, '6210002590630969', '', '', '', '2026-02-19', NULL, 'Used', 'GOOD COMPLETE (EDC baik & lengkap)', '2026-02-19 00:00:00', '2026-02-26 17:08:30'),
(96, 6, '233047303231246454029709', 'STOCK', 1, 1, '6210009390527385', '', '', '', '2026-02-19', NULL, 'Used', 'GOOD COMPLETE (EDC baik & lengkap)', '2026-02-19 00:00:00', '2026-02-25 00:44:32'),
(97, 6, '223027303231246427570050', 'STOCK', 1, 1, '6210009390494780', '', '', '', '2026-02-19', NULL, 'Used', 'GOOD COMPLETE (EDC baik & lengkap)', '2026-02-19 00:00:00', '2026-03-31 17:05:10'),
(98, 6, '', 'STOCK', 10, NULL, '6210009390513811', '', '', '', '2026-02-19', NULL, 'Not yet used', 'GOOD COMPLETE (EDC baik & lengkap)', '2026-02-19 00:00:00', '2026-03-26 02:51:37'),
(99, 6, '', 'STOCK', 10, NULL, '6210001590885168', '', '', '', '2026-02-19', NULL, 'Not yet used', 'GOOD COMPLETE (EDC baik & lengkap)', '2026-02-19 00:00:00', '2026-03-26 02:51:31'),
(100, 6, '', 'STOCK', 10, NULL, '6210009390030830', '', '', '', '2026-02-19', NULL, 'Not yet used', 'GOOD COMPLETE (EDC baik & lengkap)', '2026-02-19 00:00:00', '2026-03-26 02:51:20'),
(102, 6, '23C4MD8D6302', 'STOCK', 3, 1, '6210006490886226', '', '', '', '2026-02-25', NULL, 'Used', 'GOOD COMPLETE (EDC baik & lengkap)', '2026-02-25 00:00:00', '2026-03-13 23:42:06'),
(103, 6, '23C4MD8E1514', 'STOCK', 3, 1, '6210006490706017', '', '', '', '2026-02-25', NULL, 'Used', 'GOOD COMPLETE (EDC baik & lengkap)', '2026-02-25 00:00:00', '2026-02-25 12:14:48'),
(104, 6, '232027303231246452682335', 'STOCK', 1, 1, '6210009390462353', NULL, NULL, NULL, '2026-02-25', NULL, 'Not yet used', 'GOOD COMPLETE (EDC baik & lengkap)', '2026-02-25 00:00:00', NULL),
(105, 6, '223267303231246428027864', 'STOCK', 1, 1, '6210009390512286', '', '', '', '2026-02-25', NULL, 'Used', 'GOOD COMPLETE (EDC baik & lengkap)', '2026-02-25 00:00:00', '2026-03-18 00:18:28'),
(106, 6, NULL, 'STOCK', 12, NULL, NULL, NULL, NULL, '1100000002268065', '2026-02-25', NULL, 'Not yet used', 'GOOD COMPLETE (EDC baik & lengkap)', '2026-02-25 00:00:00', NULL),
(107, 6, NULL, 'STOCK', 12, NULL, NULL, NULL, NULL, '1100000002267695', '2026-02-25', NULL, 'Not yet used', 'GOOD COMPLETE (EDC baik & lengkap)', '2026-02-25 00:00:00', NULL),
(109, 6, NULL, 'STOCK', 10, NULL, '6210009390413615', NULL, NULL, NULL, '2026-02-25', NULL, 'Not yet used', 'GOOD COMPLETE (EDC baik & lengkap)', '2026-02-25 00:00:00', NULL),
(110, 6, NULL, 'STOCK', 9, NULL, NULL, '0D706E85861417', NULL, NULL, '2026-01-01', NULL, 'Not yet used', 'GOOD COMPLETE (EDC baik & lengkap)', '2026-02-26 00:00:00', NULL),
(114, 6, 'P3B6259CJ4173', 'STOCK', 7, 1, '6210009790692927', '', '', '', '2026-03-04', NULL, 'Used', 'GOOD COMPLETE (EDC baik & lengkap)', '2026-03-04 00:00:00', '2026-03-08 15:29:32'),
(115, 6, 'P3B6259KJ0312', 'STOCK', 7, 1, '6210009790692922', '', '', '', '2026-03-04', NULL, 'Used', 'GOOD COMPLETE (EDC baik & lengkap)', '2026-03-04 00:00:00', '2026-03-07 02:01:41'),
(116, 6, '23BPMD8C5536', 'STOCK', 3, 1, '6210001590858484', '', '', '', '2026-03-04', NULL, 'Used', 'GOOD COMPLETE (EDC baik & lengkap)', '2026-03-04 00:00:00', '2026-03-13 23:39:45'),
(117, 6, '232517303231246453337207', 'STOCK', 1, 1, '6210001590842986', NULL, NULL, NULL, '2026-03-04', NULL, 'Not yet used', 'GOOD COMPLETE (EDC baik & lengkap)', '2026-03-04 00:00:00', NULL),
(118, 6, '230557303231246429765763', 'STOCK', 1, 1, '6210001590863348', '', '', '', '2026-03-04', NULL, 'Not yet used', 'GOOD COMPLETE (EDC baik & lengkap)', '2026-03-04 00:00:00', '2026-03-29 09:06:14'),
(119, 6, '', 'STOCK', 12, NULL, '', '', '', '1100000002210836', '2026-03-04', NULL, 'Used', 'GOOD COMPLETE (EDC baik & lengkap)', '2026-03-04 00:00:00', '2026-03-19 02:05:46'),
(120, 6, NULL, 'STOCK', 12, NULL, NULL, NULL, NULL, '0050000001493518', '2026-03-04', NULL, 'Not yet used', 'GOOD COMPLETE (EDC baik & lengkap)', '2026-03-04 00:00:00', NULL),
(136, 6, 'NCB801265740', 'STOCK', 5, 2, '6210009390413615', '', '', '', '2026-03-10', NULL, 'Used', 'GOOD COMPLETE (EDC baik & lengkap)', '2026-03-10 00:00:00', '2026-03-13 23:36:27'),
(137, 6, '23BPMD8C4888', 'STOCK', 3, 1, '6210002594265658', '', '', '', '2026-03-10', NULL, 'Used', 'GOOD COMPLETE (EDC baik & lengkap)', '2026-03-10 00:00:00', '2026-03-13 12:11:57'),
(138, 6, 'P3B6259CJ3005', 'STOCK', 7, 1, '6210009790693071', '', '', '', '2026-03-10', NULL, 'Used', 'GOOD COMPLETE (EDC baik & lengkap)', '2026-03-10 00:00:00', '2026-03-10 14:52:44'),
(139, 6, 'P3B6259CJ2021', 'STOCK', 7, 1, '6210009790693079', '', '', '', '2026-03-10', NULL, 'Used', 'GOOD COMPLETE (EDC baik & lengkap)', '2026-03-10 00:00:00', '2026-03-12 17:06:27'),
(140, 6, '', 'STOCK', 10, NULL, '6210009294771725', '', '', '', '2026-03-10', NULL, 'Terlink', 'GOOD COMPLETE (EDC baik & lengkap)', '2026-03-13 00:00:00', '2026-03-26 02:49:02'),
(141, 6, '238GKD8L8350', 'STOCK', 3, 1, '6210009390468249', '', '', '', '2026-03-12', NULL, 'Used', 'GOOD COMPLETE (EDC baik & lengkap)', '2026-03-13 00:00:00', '2026-03-13 23:49:32'),
(142, 6, 'P3B6259KJ2285', 'RETURN', 7, NULL, '8962115393996157230', '', '', '', '2026-03-16', NULL, 'Used', 'GOOD COMPLETE (EDC baik & lengkap)', '2026-03-16 00:00:00', '2026-03-26 02:26:23'),
(143, 6, '2465MD8W8129', 'RETURN', 3, NULL, '6210009390037437', '', '', '', '2026-03-16', NULL, 'Used', 'GOOD COMPLETE (EDC baik & lengkap)', '2026-03-16 00:00:00', '2026-03-26 02:26:11'),
(144, 6, 'P3B6259JJ0950', 'STOCK', 7, NULL, '6210009790692990', '', '', '', '2026-03-17', NULL, 'Used', 'GOOD COMPLETE (EDC baik & lengkap)', '2026-03-17 00:00:00', '2026-03-19 16:31:56'),
(145, 6, 'P3B6259JJ1828', 'STOCK', 7, NULL, '6210009790692993', '', '', '', '2026-03-17', NULL, 'Used', 'GOOD COMPLETE (EDC baik & lengkap)', '2026-03-17 00:00:00', '2026-03-27 23:37:37'),
(146, 6, 'P3B6259CJ0354', 'STOCK', 7, NULL, '6210009790692989', '', '', '', '2026-03-17', NULL, 'Used', 'GOOD COMPLETE (EDC baik & lengkap)', '2026-03-17 00:00:00', '2026-03-26 02:38:42'),
(147, 6, '2466MD8X4522', 'RETURN', 3, NULL, '6210009390012474', '', '', '', '2026-03-18', NULL, 'Used', 'GOOD COMPLETE (EDC baik & lengkap)', '2026-03-19 00:00:00', '2026-03-26 02:25:13'),
(148, 6, '238FKD8L6210', 'RETURN', 3, NULL, '6210001590858186', '', '', '', '2026-03-18', NULL, 'Used', 'GOOD COMPLETE (EDC baik & lengkap)', '2026-03-19 00:00:00', '2026-03-26 02:24:58'),
(149, 6, '238CKD8L3533', 'RETURN', 3, NULL, '6210009294770433', '', '', '', '2026-03-25', NULL, 'Used', 'GOOD COMPLETE (EDC baik & lengkap)', '2026-03-26 02:33:17', '2026-04-01 02:09:30'),
(150, 6, '232327303231246453123370', 'RETURN', 1, 1, '6210006490717026', '', '', '', '2026-03-27', '2026-04-08', 'HO Santana', 'GOOD COMPLETE (EDC baik & lengkap)', '2026-03-27 16:01:49', '2026-04-08 23:52:10'),
(151, 6, '232387303231246453205902', 'RETURN', 1, 1, '6210006490705364', '', '', '', '2026-03-27', '2026-04-08', 'HO Santana', 'GOOD COMPLETE (EDC baik & lengkap)', '2026-03-27 16:01:49', '2026-04-08 23:51:55'),
(152, 6, '231867303231246452405448', 'RETURN', 1, 1, '6210006490885671', '', '', '', '2026-03-27', NULL, 'None', 'GOOD COMPLETE (EDC baik & lengkap)', '2026-03-27 16:01:49', NULL),
(153, 6, '232377303231246453196526', 'RETURN', 1, 1, '6210006490703981', '', '', '', '2026-03-27', NULL, 'None', 'GOOD COMPLETE (EDC baik & lengkap)', '2026-03-27 16:01:49', NULL),
(154, 6, '232347303231246453153888', 'RETURN', 1, 1, '6210006490703975', '', '', '', '2026-03-27', '2026-04-08', 'HO Santana', 'GOOD COMPLETE (EDC baik & lengkap)', '2026-03-27 16:01:49', '2026-04-08 23:51:43'),
(155, 6, '231867303231246452405316', 'RETURN', 1, 1, '6210006490885668', '', '', '', '2026-03-27', NULL, 'None', 'GOOD COMPLETE (EDC baik & lengkap)', '2026-03-27 16:01:49', NULL),
(156, 6, '231867303231246452404746', 'RETURN', 1, 1, '6210006490885667', '', '', '', '2026-03-27', NULL, 'None', 'GOOD INCOMPLETE (EDC baik tapi tidak lengkap)', '2026-03-27 16:01:49', NULL),
(157, 6, '232427303231246453274993', 'RETURN', 1, 1, '6210009390012212', '', '', '', '2026-03-27', NULL, 'None', 'GOOD COMPLETE (EDC baik & lengkap)', '2026-03-27 16:01:49', NULL),
(158, 6, '230817303231246450263412', 'RETURN', 1, 1, '6210007090427432', '', '', '', '2026-03-27', '2026-04-08', 'HO Santana', 'GOOD COMPLETE (EDC baik & lengkap)', '2026-03-27 16:01:49', '2026-04-08 23:51:30'),
(159, 6, '232377303231246453203660', 'RETURN', 1, 1, '6210006490705341', '', '', '', '2026-03-27', '2026-04-08', 'HO Santana', 'GOOD COMPLETE (EDC baik & lengkap)', '2026-03-27 16:01:49', '2026-04-08 23:51:17'),
(160, 6, '232347303231246453149509', 'RETURN', 1, 1, '6210006490700031', '', '', '', '2026-03-27', NULL, 'None', 'GOOD COMPLETE (EDC baik & lengkap)', '2026-03-27 16:01:49', NULL),
(161, 6, '232377303231246453197162', 'RETURN', 1, 1, '6210006490705268', '', '', '', '2026-03-27', '2026-04-08', 'HO Santana', 'GOOD COMPLETE (EDC baik & lengkap)', '2026-03-27 16:01:49', '2026-04-08 23:51:03'),
(162, 6, '232497303231246453321580', 'RETURN', 1, 1, '6210009390086917', '', '', '', '2026-03-27', '2026-04-08', 'HO Santana', 'GOOD COMPLETE (EDC baik & lengkap)', '2026-03-27 16:01:49', '2026-04-08 23:50:49'),
(163, 6, '232527303231246453348998', 'RETURN', 1, 1, '6210006490885508', '', '', '', '2026-03-27', NULL, 'None', 'GOOD COMPLETE (EDC baik & lengkap)', '2026-03-27 16:01:49', NULL),
(164, 6, '232397303231246453229000', 'RETURN', 1, 1, '6210009390012241', '', '', '', '2026-03-27', NULL, 'None', 'GOOD INCOMPLETE (EDC baik tapi tidak lengkap)', '2026-03-27 16:01:49', NULL),
(165, 6, '232327303231246453129276', 'RETURN', 1, 1, '6210006494288987', '', '', '', '2026-03-27', '2026-04-08', 'HO Santana', 'GOOD COMPLETE (EDC baik & lengkap)', '2026-03-27 16:01:49', '2026-04-08 23:50:32'),
(166, 6, '232347303231246453150375', 'RETURN', 1, 1, '6210006494288979', '', '', '', '2026-03-27', '2026-04-08', 'HO Santana', 'GOOD COMPLETE (EDC baik & lengkap)', '2026-03-27 16:01:49', '2026-04-08 23:50:14'),
(167, 6, '232347303231246453152380', 'RETURN', 1, 1, '8962115393994896631', '', '', '', '2026-03-27', '2026-04-08', 'HO Santana', 'GOOD COMPLETE (EDC baik & lengkap)', '2026-03-27 16:01:49', '2026-04-08 23:49:57'),
(168, 6, 'NCB801265026', 'RETURN', 5, 2, '8962115393995352055', '', '', '', '2026-03-27', NULL, 'None', 'GOOD COMPLETE (EDC baik & lengkap)', '2026-03-27 16:01:49', NULL),
(169, 6, '23BVKD833016', 'RETURN', 3, 1, '6210005394283280', '', '', '', '2026-03-27', NULL, 'None', 'GOOD COMPLETE (EDC baik & lengkap)', '2026-03-27 16:01:49', NULL),
(170, 6, '247TMD824226', 'RETURN', 3, 1, '6210009390411749', '', '', '', '2026-03-27', NULL, 'None', 'GOOD COMPLETE (EDC baik & lengkap)', '2026-03-27 16:01:49', NULL),
(171, 6, '23CBMD8F6047', 'RETURN', 3, 1, '6210007090436091', '', '', '', '2026-03-27', NULL, 'None', 'GOOD COMPLETE (EDC baik & lengkap)', '2026-03-27 16:01:49', NULL),
(172, 6, '2466MD8X6156', 'RETURN', 3, 1, '6210009790663046', '', '', '', '2026-03-27', NULL, 'None', 'GOOD COMPLETE (EDC baik & lengkap)', '2026-03-27 16:01:49', NULL),
(173, 6, '246HKD8G6722', 'RETURN', 3, 1, '6210009790663044', '', '', '', '2026-03-27', NULL, 'None', 'GOOD COMPLETE (EDC baik & lengkap)', '2026-03-27 16:01:49', NULL),
(174, 6, '2466MD8X1534', 'RETURN', 3, 1, '6210001590676155', '', '', '', '2026-03-27', NULL, 'None', 'GOOD COMPLETE (EDC baik & lengkap)', '2026-03-27 16:01:49', NULL),
(175, 6, '243KKD8A1171', 'RETURN', 3, 1, '8962115393995537127', '', '', '', '2026-03-27', NULL, 'None', 'GOOD COMPLETE (EDC baik & lengkap)', '2026-03-27 16:01:49', NULL),
(176, 6, 'P3B6259PJ0156', 'RETURN', 7, 1, '6210009790694485', '', '', '', '2026-03-27', NULL, 'None', 'GOOD INCOMPLETE (EDC baik tapi tidak lengkap)', '2026-03-27 16:01:49', NULL),
(177, 6, '233007303231246453987317', 'RETURN', 1, 1, '8962115393995107665', '', '', '', '2026-03-27', '2026-04-16', 'HO Santana', 'GOOD INCOMPLETE (EDC baik tapi tidak lengkap)', '2026-03-28 01:15:29', '2026-04-15 23:47:26'),
(178, 6, '232997303231246453974034', 'RETURN', 1, 1, '6210009390121779', '', '', '', '2026-03-27', '2026-04-16', 'HO Santana', 'GOOD INCOMPLETE (EDC baik tapi tidak lengkap)', '2026-03-28 01:15:29', '2026-04-15 23:47:58'),
(179, 6, '125230613624', 'RETURN', 8, 1, '6210001590902833', '', '', '', '2026-03-27', '2026-04-16', 'HO Santana', 'GOOD COMPLETE (EDC baik & lengkap)', '2026-03-28 01:15:29', '2026-04-15 23:48:28'),
(180, 6, 'NCC302942034', 'RETURN', 5, 1, '6210001590882573', '', '', '', '2026-03-27', NULL, 'None', 'GOOD COMPLETE (EDC baik & lengkap)', '2026-03-28 01:15:29', NULL),
(181, 6, '23CBMD8E5432', 'RETURN', 3, 1, '6210009390512983', '', '', '', '2026-03-27', NULL, 'None', 'GOOD COMPLETE (EDC baik & lengkap)', '2026-03-28 01:15:29', NULL),
(182, 6, '2394KD8Q1545', 'RETURN', 3, 1, '6210009790725348', '', '', '', '2026-03-27', NULL, 'None', 'DAMAGE COMPLETE (EDC rusak tapi lengkap)', '2026-03-28 01:15:29', NULL),
(183, 6, '2397KD8Q6463', 'RETURN', 3, 1, '6210001590909250', '', '', '', '2026-03-27', NULL, 'None', 'GOOD COMPLETE (EDC baik & lengkap)', '2026-03-28 01:15:29', NULL),
(184, 6, '23CBMD8F4552', 'RETURN', 3, 1, '6210009390493909', '', '', '', '2026-03-27', NULL, 'None', 'GOOD COMPLETE (EDC baik & lengkap)', '2026-03-28 01:15:29', NULL),
(185, 6, '23CBMD8E7070', 'RETURN', 3, 1, '6210009390505780', '', '', '', '2026-03-27', NULL, 'None', 'GOOD COMPLETE (EDC baik & lengkap)', '2026-03-28 01:15:29', NULL),
(186, 6, '23CBMD8E5440', 'RETURN', 3, 1, '6210009390493734', '', '', '', '2026-03-27', NULL, 'None', 'GOOD COMPLETE (EDC baik & lengkap)', '2026-03-28 01:15:29', NULL),
(187, 6, '247TMD820854', 'RETURN', 3, 1, '6210009790723066', '', '', '', '2026-03-27', '2026-04-02', 'HO Santana', 'GOOD COMPLETE (EDC baik & lengkap)', '2026-03-28 01:15:29', '2026-04-02 23:14:47'),
(188, 6, '223267303231246428040565', 'RETURN', 1, 1, '6210001590911090', '', '', '', '2026-03-27', '2026-04-16', 'HO Santana', 'GOOD COMPLETE (EDC baik & lengkap)', '2026-03-28 01:15:29', '2026-04-15 23:48:44'),
(189, 6, '231157303231246450971092', 'RETURN', 1, 1, '6210006490886758', '', '', '', '2026-03-27', '2026-04-16', 'HO Santana', 'GOOD COMPLETE (EDC baik & lengkap)', '2026-03-28 01:15:29', '2026-04-15 23:49:36'),
(190, 6, '231867303231246452393606', 'RETURN', 1, 1, '6210009390040383', '', '', '', '2026-03-27', '2026-04-16', 'HO Santana', 'GOOD COMPLETE (EDC baik & lengkap)', '2026-03-28 01:15:29', '2026-04-15 23:50:08'),
(191, 6, '232537303231246453359174', 'RETURN', 1, 1, '6210009390131019', '', '', '', '2026-03-27', '2026-04-16', 'HO Santana', 'GOOD COMPLETE (EDC baik & lengkap)', '2026-03-28 01:15:29', '2026-04-15 23:50:41'),
(192, 6, '223257303231246428023347', 'RETURN', 1, 1, '6210006490725850', '', '', '', '2026-03-27', '2026-04-16', 'HO Santana', 'GOOD COMPLETE (EDC baik & lengkap)', '2026-03-28 01:15:29', '2026-04-15 23:51:09'),
(193, 6, '220087303321246623323289', 'RETURN', 2, 1, '6210009294171804', '', '', '', '2026-03-27', '2026-04-16', 'HO Santana', 'GOOD COMPLETE (EDC baik & lengkap)', '2026-03-28 01:15:29', '2026-04-15 23:51:26'),
(194, 6, '230817303231246450270121', 'RETURN', 1, 1, '6210006490882462', '', '', '', '2026-03-27', '2026-04-16', 'HO Santana', 'DAMAGE COMPLETE (EDC rusak tapi lengkap)', '2026-03-28 01:15:29', '2026-04-15 23:51:41'),
(195, 6, '212707303321246621999767', 'RETURN', 1, 1, '6210001590911121', '', '', '', '2026-03-27', '2026-04-16', 'HO Santana', 'DAMAGE COMPLETE (EDC rusak tapi lengkap)', '2026-03-28 01:15:29', '2026-04-15 23:52:05'),
(196, 6, '231167303231248350982837', 'RETURN', 1, 4, '6210007090444051', '', '', '', '2026-03-27', '2026-04-16', 'HO Santana', 'DAMAGE COMPLETE (EDC rusak tapi lengkap)', '2026-03-28 01:15:29', '2026-04-15 23:52:22'),
(197, 6, '223247303231246427995969', 'RETURN', 1, 1, '6210007090438969', '', '', '', '2026-03-27', '2026-04-16', 'HO Santana', 'DAMAGE COMPLETE (EDC rusak tapi lengkap)', '2026-03-28 01:15:29', '2026-04-15 23:52:51'),
(198, 6, '230817303231246450263783', 'RETURN', 1, 1, '6210006490718228', '', '', '', '2026-03-27', '2026-04-16', 'HO Santana', 'DAMAGE COMPLETE (EDC rusak tapi lengkap)', '2026-03-28 01:15:29', '2026-04-15 23:53:20'),
(199, 6, '232317303231246453113085', 'RETURN', 1, 1, '8962115393995795758', '', '', '', '2026-03-27', '2026-04-16', 'HO Santana', 'GOOD COMPLETE (EDC baik & lengkap)', '2026-03-28 01:15:29', '2026-04-15 23:53:45'),
(200, 6, '243KKD8A1526', 'RETURN', 3, 1, '6210009390753239', '', '', '', '2026-03-27', NULL, 'Used', 'GOOD COMPLETE (EDC baik & lengkap)', '2026-03-31 16:25:51', '2026-03-31 19:14:58'),
(201, 6, 'NCB801269896', 'RETURN', 5, 2, '6210001590856212', '', '', '', '2026-03-27', '2026-04-02', 'HO Santana', 'GOOD INCOMPLETE (EDC baik tapi tidak lengkap)', '2026-04-01 02:12:47', '2026-04-02 23:07:51'),
(202, 6, 'NCB801271101', 'RETURN', 5, 2, '6210001590856217', '', '', '', '2026-03-27', '2026-04-02', 'HO Santana', 'GOOD INCOMPLETE (EDC baik tapi tidak lengkap)', '2026-04-01 02:12:47', '2026-04-02 23:06:18'),
(203, 6, 'NCBA01781140', 'RETURN', 5, 2, '6210001590905320', '', '', '', '2026-03-27', '2026-04-02', 'HO Santana', 'GOOD INCOMPLETE (EDC baik tapi tidak lengkap)', '2026-04-01 02:12:47', '2026-04-02 23:07:07'),
(204, 6, '230377303321246629421940', 'RETURN', 2, 1, '6210009390042113', '', '', '', '2026-03-27', '2026-04-02', 'HO Santana', 'GOOD COMPLETE (EDC baik & lengkap)', '2026-04-01 02:12:47', '2026-04-02 23:13:39'),
(205, 6, '244CMD8T1112', 'RETURN', 3, 1, '6210001590683119', '', '', '', '2026-03-27', '2026-04-02', 'HO Santana', 'GOOD INCOMPLETE (EDC baik tapi tidak lengkap)', '2026-04-01 02:12:47', '2026-04-02 23:09:09'),
(206, 6, '232347303231246453158116', 'RETURN', 1, 1, '6210009390536244', '', '', '1100000001407094', '2026-03-27', '2026-04-02', 'HO Santana', 'GOOD COMPLETE (EDC baik & lengkap)', '2026-04-01 02:12:47', '2026-04-02 23:14:13'),
(207, 6, '23C4MD8E4482', 'RETURN', 3, 1, '6210009390513310', '', '', '', '2026-03-27', NULL, 'None', 'GOOD COMPLETE (EDC baik & lengkap)', '2026-04-01 02:12:47', '2026-04-01 02:19:44'),
(208, 6, '23CEKD4H2125', 'RETURN', 4, 1, '6210001590845240', '', '', '', '2026-03-27', '2026-04-02', 'HO Santana', 'GOOD INCOMPLETE (EDC baik tapi tidak lengkap)', '2026-04-01 02:12:47', '2026-04-02 23:09:50'),
(209, 6, '230387303321246629434125', 'RETURN', 2, 1, '6210007090444547', '', '', '', '2026-03-27', '2026-04-02', 'HO Santana', 'GOOD COMPLETE (EDC baik & lengkap)', '2026-04-01 02:12:47', '2026-04-02 23:17:55'),
(210, 6, '212707303321246622007291', 'RETURN', 2, 1, '6210009390370576', '', '', '', '2026-03-27', '2026-04-02', 'HO Santana', 'DAMAGE COMPLETE (EDC rusak tapi lengkap)', '2026-04-01 02:12:47', '2026-04-02 23:18:32'),
(211, 6, '23CBMD8F5488', 'RETURN', 3, 1, '8962115393995634981', '', '', '', '2026-03-27', NULL, 'None', 'DAMAGE COMPLETE (EDC rusak tapi lengkap)', '2026-04-01 02:12:47', NULL),
(212, 6, 'NCB801260791', 'RETURN', 5, 2, '6210001590843657', '', '', '', '2026-03-27', '2026-04-16', 'HO Santana', 'DAMAGE COMPLETE (EDC rusak tapi lengkap)', '2026-04-01 02:12:47', '2026-04-15 23:54:05'),
(213, 6, '230307303321246629261186', 'RETURN', 1, 1, '6210009390131336', '', '', '', '2026-03-27', '2026-04-02', 'HO Santana', 'GOOD COMPLETE (EDC baik & lengkap)', '2026-04-01 02:12:47', '2026-04-02 23:17:12'),
(214, 6, '232377303231246453203651', 'RETURN', 1, 1, '6210009390008975', '', '', '', '2026-03-27', '2026-04-16', 'HO Santana', 'GOOD COMPLETE (EDC baik & lengkap)', '2026-04-01 02:12:47', '2026-04-15 23:54:21'),
(215, 6, '243KKD8A2074', 'RETURN', 3, 1, '8962115393995507807', '', '', '', '2026-03-27', NULL, 'None', 'GOOD COMPLETE (EDC baik & lengkap)', '2026-04-01 02:12:47', NULL),
(216, 6, 'NCB801256593', 'RETURN', 5, 1, '8962115393995392408', '', '', '', '2026-03-27', '2026-04-02', 'HO Santana', 'GOOD INCOMPLETE (EDC baik tapi tidak lengkap)', '2026-04-01 02:12:47', '2026-04-02 23:15:22'),
(217, 6, 'P3B6259JJ5143', 'RETURN', 7, 1, '6210009790733833', '', '', '', '2026-03-27', '2026-04-16', 'HO Santana', 'GOOD COMPLETE (EDC baik & lengkap)', '2026-04-01 02:12:47', '2026-04-15 23:54:37'),
(218, 6, '232027303231246452684494', 'RETURN', 1, 1, '6210009390529398', '0D706E8767EE3D', '270120230362', '', '2026-03-27', '2026-04-02', 'HO Santana', 'GOOD COMPLETE (EDC baik & lengkap)', '2026-04-01 02:12:47', '2026-04-02 23:19:15'),
(219, 6, '231077303231246450809883', 'RETURN', 1, 1, '6210001590697089', '', '', '', '2026-03-27', '2026-04-02', 'HO Santana', 'DAMAGE COMPLETE (EDC rusak tapi lengkap)', '2026-04-01 02:12:47', '2026-04-02 23:19:49'),
(220, 6, '212677303321246621933335', 'RETURN', 2, 1, '6210009390513371', '', '', '', '2026-03-27', '2026-04-02', 'HO Santana', 'GOOD COMPLETE (EDC baik & lengkap)', '2026-04-01 02:12:47', '2026-04-02 23:16:04'),
(221, 6, '232157303231246452867914', 'RETURN', 1, 1, '6210001590843167', '0D706E875476D4', '', '', '2026-03-27', '2026-04-16', 'HO Santana', 'GOOD COMPLETE (EDC baik & lengkap)', '2026-04-01 02:12:47', '2026-04-15 23:54:51'),
(222, 6, '230587303231246429831530', 'RETURN', 1, 1, '6210006490854354', '', '', '', '2026-03-27', '2026-04-16', 'HO Santana', 'GOOD INCOMPLETE (EDC baik tapi tidak lengkap)', '2026-04-01 02:12:47', '2026-04-15 23:55:28'),
(223, 6, 'NCBA01780748', 'RETURN', 5, 2, '6210009390755158', '', '', '', '2026-03-27', NULL, 'None', 'GOOD COMPLETE (EDC baik & lengkap)', '2026-04-01 02:12:47', NULL),
(224, 6, 'NCB801253085', 'RETURN', 5, 1, '6210009390471719', '', '', '', '2026-03-27', NULL, 'None', 'GOOD COMPLETE (EDC baik & lengkap)', '2026-04-01 02:12:47', NULL),
(225, 6, '23BRKD827051', 'RETURN', 3, 1, '8962115393994212094', '', '', '', '2026-03-27', NULL, 'None', 'GOOD COMPLETE (EDC baik & lengkap)', '2026-04-01 02:12:47', NULL),
(227, 6, '23CBMD8E9268', 'RETURN', 3, 1, '6210009390501808', '', '', '', '2026-03-27', '2026-04-02', 'HO Santana', 'GOOD INCOMPLETE (EDC baik tapi tidak lengkap)', '2026-04-02 13:42:48', '2026-04-02 23:08:17'),
(228, 6, 'P3B6261UJ1959', 'STOCK', 7, NULL, '6210001590129046', '', '', '', '2026-04-02', NULL, 'Used', 'GOOD COMPLETE (EDC baik & lengkap)', '2026-04-02 19:23:21', '2026-04-11 19:08:56'),
(229, 6, 'P3B62615J1655', 'STOCK', 7, NULL, '6210001590129045', NULL, NULL, NULL, '2026-04-02', NULL, 'Not yet used', 'GOOD COMPLETE (EDC baik & lengkap)', '2026-04-02 19:23:21', NULL),
(230, 6, 'P3B6261PJ0126', 'STOCK', 7, NULL, '6210001590129044', '', '', '', '2026-04-02', NULL, 'Not yet used', 'GOOD COMPLETE (EDC baik & lengkap)', '2026-04-02 19:23:21', '2026-04-02 19:25:23'),
(231, 6, '23CEMD417175', 'RETURN', 4, NULL, '6210009390423685', '', '', '', '2026-04-02', '2026-04-08', 'HO Santana', 'GOOD COMPLETE (EDC baik & lengkap)', '2026-04-03 00:19:00', '2026-04-08 23:49:42'),
(233, 6, '239VMD857748', 'RETURN', 3, 1, '6210009390470462', '', '', '', '2026-03-27', '2026-04-08', 'HO Santana', 'GOOD INCOMPLETE (EDC baik tapi tidak lengkap)', '2026-04-06 23:24:52', '2026-04-08 23:49:21'),
(234, 6, 'P3B6259JJ1710', 'RETURN', 7, 1, '8962115393996101493', '', '', '', '2026-03-27', '2026-04-16', 'HO Santana', 'GOOD COMPLETE (EDC baik & lengkap)', '2026-04-06 23:24:52', '2026-04-15 23:55:45'),
(235, 17, 'P3terster', 'STOCK', 7, 1, '62100tester', '', '', '', '2024-04-08', NULL, 'Not yet used', 'GOOD COMPLETE (EDC baik & lengkap)', '2026-04-07 10:56:51', '2026-04-08 01:01:47'),
(236, 6, 'P3B6261PJ0591', 'STOCK', 7, 1, '6210001590129096', '0D706E876E7DC3', '', '', '2026-04-08', NULL, 'Used', 'GOOD COMPLETE (EDC baik & lengkap)', '2026-04-09 12:22:13', '2026-04-11 19:10:30'),
(237, 6, 'P3B6261WJ1382', 'STOCK', 7, 1, '6210001590129097', '0D706E827E4C64', '', '', '2026-04-08', NULL, 'Used', 'GOOD COMPLETE (EDC baik & lengkap)', '2026-04-09 12:22:13', '2026-04-11 10:31:12'),
(238, 6, NULL, 'STOCK', 9, NULL, NULL, '0D706E854EE300', NULL, NULL, '2026-04-11', NULL, 'Not yet used', 'GOOD COMPLETE (EDC baik & lengkap)', '2026-04-11 10:09:53', NULL),
(239, 6, NULL, 'STOCK', 9, NULL, NULL, '0D706E88113BF79', NULL, NULL, '2026-04-11', NULL, 'Not yet used', 'GOOD COMPLETE (EDC baik & lengkap)', '2026-04-11 10:09:53', NULL),
(240, 6, NULL, 'STOCK', 9, NULL, NULL, '0D706E85D68FA4', NULL, NULL, '2026-04-11', NULL, 'Not yet used', 'GOOD COMPLETE (EDC baik & lengkap)', '2026-04-11 10:09:53', NULL),
(241, 6, NULL, 'STOCK', 9, NULL, NULL, '0D706E86B98F46', NULL, NULL, '2026-04-11', NULL, 'Not yet used', 'GOOD COMPLETE (EDC baik & lengkap)', '2026-04-11 10:09:53', NULL),
(242, 6, NULL, 'STOCK', 9, NULL, NULL, '0D706E86899B34', NULL, NULL, '2026-04-11', NULL, 'Not yet used', 'GOOD COMPLETE (EDC baik & lengkap)', '2026-04-11 10:09:53', NULL),
(243, 6, NULL, 'STOCK', 9, NULL, NULL, '0D706E861FB68E', NULL, NULL, '2026-04-11', NULL, 'Not yet used', 'GOOD COMPLETE (EDC baik & lengkap)', '2026-04-11 10:09:53', NULL),
(244, 6, '125230621234', 'RETURN', 8, 1, '8962115393995715707', '', '', '', '2026-04-14', '2026-04-16', 'HO Santana', 'GOOD COMPLETE (EDC baik & lengkap)', '2026-04-14 09:38:23', '2026-04-15 23:56:16'),
(245, 6, '233007303231246453994660', 'RETURN', 1, 1, '6210001590698929', '', '', '', '2026-04-14', '2026-04-16', 'HO Santana', 'GOOD INCOMPLETE (EDC baik tapi tidak lengkap)', '2026-04-14 09:38:23', '2026-04-15 23:56:34'),
(246, 6, '231177303231246451014844', 'RETURN', 1, 1, '6210006490892358', '', '', '', '2026-04-14', '2026-04-16', 'HO Santana', 'GOOD INCOMPLETE (EDC baik tapi tidak lengkap)', '2026-04-14 09:38:23', '2026-04-15 23:56:52'),
(247, 6, '232337303231246453138412', 'RETURN', 1, 1, '6210005394283954', '', '', '', '2026-04-14', '2026-04-16', 'HO Santana', 'GOOD INCOMPLETE (EDC baik tapi tidak lengkap)', '2026-04-14 09:38:23', '2026-04-15 23:57:13'),
(248, 6, '232947303231246453889712', 'RETURN', 1, 1, '8962115393995098351', '', '', '', '2026-04-14', '2026-04-16', 'HO Santana', 'GOOD INCOMPLETE (EDC baik tapi tidak lengkap)', '2026-04-14 09:38:23', '2026-04-15 23:57:31'),
(249, 6, '230557303321246629775576', 'RETURN', 2, 1, '6210001590698726', '', '', '', '2026-04-14', '2026-04-16', 'HO Santana', 'GOOD INCOMPLETE (EDC baik tapi tidak lengkap)', '2026-04-14 09:38:23', '2026-04-15 23:57:46'),
(250, 6, '222737303321246627045495', 'RETURN', 2, 1, '6210006490705885', '', '', '', '2026-04-14', '2026-04-16', 'HO Santana', 'GOOD COMPLETE (EDC baik & lengkap)', '2026-04-14 09:38:23', '2026-04-15 23:58:01'),
(251, 6, '230557303321246629775401', 'RETURN', 2, 1, '6210001590923515', '', '', '', '2026-04-14', '2026-04-16', 'HO Santana', 'GOOD COMPLETE (EDC baik & lengkap)', '2026-04-14 09:38:23', '2026-04-15 23:58:15'),
(252, 6, '239VMD862105', 'RETURN', 3, 1, '6210006490886510', '', '', '', '2026-04-14', NULL, 'None', 'GOOD COMPLETE (EDC baik & lengkap)', '2026-04-14 09:38:23', NULL),
(253, 6, 'NCB801250938', 'RETURN', 5, 1, '6210001590882581', '', '', '', '2026-04-14', NULL, 'None', 'DAMAGE COMPLETE (EDC rusak tapi lengkap)', '2026-04-14 09:38:23', NULL),
(254, 6, 'P3B6261WJ2393', 'RETURN', 7, NULL, '6210001590123139', '', '', '', '2026-04-15', '2026-04-16', 'HO Santana', 'GOOD COMPLETE (EDC baik & lengkap)', '2026-04-15 16:25:29', '2026-04-15 23:58:34');

-- --------------------------------------------------------

--
-- Table structure for table `users`
--

CREATE TABLE `users` (
  `id` int(11) NOT NULL,
  `username` varchar(50) NOT NULL,
  `name` varchar(50) NOT NULL,
  `email` varchar(50) NOT NULL,
  `no_telfon` varchar(50) NOT NULL,
  `password` varchar(100) NOT NULL,
  `avatar` varchar(100) DEFAULT NULL,
  `status` enum('Active','Not Active','','') NOT NULL,
  `role` enum('Admin','User','','') NOT NULL,
  `created_at` datetime DEFAULT NULL,
  `updated_at` datetime DEFAULT NULL
) ENGINE=InnoDB DEFAULT CHARSET=utf8mb4 COLLATE=utf8mb4_general_ci;

--
-- Dumping data for table `users`
--

INSERT INTO `users` (`id`, `username`, `name`, `email`, `no_telfon`, `password`, `avatar`, `status`, `role`, `created_at`, `updated_at`) VALUES
(1, 'wahyu.tri', 'Wahyu Tri Susanto', 'w.trisusanto@email.com', '089636910196', '$2y$10$clpkfMyLXNuBVtgDOHAzZOJNbLv2H0HzNp45Vj8RLXYyAJhvPArVm', '698a3054aec8a.jpg', 'Active', 'Admin', '2026-01-30 20:20:12', '2026-02-16 00:50:45'),
(6, 'user.wahyu', 'Wahyu Tri Susanto', 'w.trisusanto@gmail.com', '089636910196', '$2y$10$GRPpRpu6ZfYQnHvWp.WKgONeKytXacv7U2wg6BIDMgvkXehmrz92i', '698b870e4d614.jpg', 'Active', 'User', '2026-02-10 00:56:04', '2026-02-21 23:39:50'),
(9, 'kawasan.malljakbar', 'Stock Kawasan Mall Jakbar', 'malljakbar@email.com', '089636910196', '$2y$10$JNnVhy4NFp4gbCX5C3M3z.DmvHXZodZrHHsGZldGZIAZD3CIix1wm', '698ed914314be.jpg', 'Active', 'User', '2026-02-11 23:59:27', '2026-02-12 00:02:37'),
(10, 'hadi.rosiadi', 'Hadi Rosiadi', '0000@gmail.com', '0000000', '$2y$10$7JPB0ZrWenQUa0eFLoOUTOqILozsdxF/5dAopl73HvDJCOEyaTVVK', '698cccb3c00f9.', 'Not Active', 'User', '2026-02-12 01:38:43', NULL),
(11, 'budi.purwanto', 'Budi Purwanto', '0000@gmail.com', '000000', '$2y$10$XefZkj1vymUFTY1VO4une.sgbp08mBIEVXmqRmdyJhpFXWYis2P9W', '698cccd20d2bf.', 'Not Active', 'User', '2026-02-12 01:39:14', NULL),
(12, 'yohanes.t', 'Yohanes T Pardede', '0000@gmail.com', '000000', '$2y$10$dBluHLM5QRVZ4Uz3O57A1.2FVxaw2XL8KZ5io9OF/7cYtvdU4VZEy', '698cccf11889e.', 'Not Active', 'User', '2026-02-12 01:39:45', NULL),
(13, 'tedi.setiawan', 'Tedi Setiawan', '0000@gmail.com', '00000', '$2y$10$WtWc.3bhlvKLdyrbRst0dOmAlxup6PF8q9q63yC4n8I98mZWCINui', '698ccd18c9f91.', 'Not Active', 'User', '2026-02-12 01:40:24', NULL),
(14, 'm.wahyu', 'M Wahyu', '0000@gmail.com', '0000', '$2y$10$8mFcx8ur8m2a0/YjxDMUye5PrfSIrFIjzuDKDONTDRdCt/bzRVg5O', '698ccd32b6860.', 'Not Active', 'User', '2026-02-12 01:40:50', NULL),
(15, 'm.alif', 'M Allif', '0000@gmail.com', '00000', '$2y$10$IYv5r/NP9EZXbMdcXT8tOuaWTnBBU6V0nIkfvffRYJOlOb1rSa9k2', '698ccd4fe99f4.', 'Not Active', 'User', '2026-02-12 01:41:19', NULL),
(16, 'andriansyah', 'Andriansyah', 'andriansyah@email.com', '0000000', '$2y$10$HqbAlfW7B2YICFOr2X6F5OoIqIMkSBFLdNYzNRHB5qa2CQXLtQ1V2', '698f56431eded.', 'Active', 'User', '2026-02-13 23:50:11', '2026-02-25 00:41:33'),
(17, 'account.tester', 'Account Tester', '0000@gmail.com', '00000000', '$2y$10$hC0tQuuGdXZXFJQDDaxzpuwtlMfgwo3C2Ec8vV963iIGZ5zrTg1xC', '6991ec5adb9be.', 'Active', 'Admin', '2026-02-15 22:55:06', '2026-02-21 04:41:55'),
(18, 'asep.suganda', 'Ahmad Asep Suganda', 'asep@email.com', '0000888', '$2y$10$W9yN9OMWzmZ8ll8DfjUDRucjXah8GN3FJQSh.OhbcvdP4cvqm.1Va', '69b035bd197a9.', 'Active', 'User', '2026-03-10 22:16:13', NULL),
(19, 'yodi.amanda', 'Yodi Amanda', 'yodi@email.com', '082299972108', '$2y$10$LDNN1Gy37aygsUobZkF9TuAzMBD5KD8QpkIPmkiz91HKHLLjv2c6K', '69d5fd0c339c9.', 'Active', 'User', '2026-04-08 14:00:28', NULL);

--
-- Indexes for dumped tables
--

--
-- Indexes for table `color_type`
--
ALTER TABLE `color_type`
  ADD PRIMARY KEY (`id_color`);

--
-- Indexes for table `detail_list_stock`
--
ALTER TABLE `detail_list_stock`
  ADD PRIMARY KEY (`id_detail`),
  ADD KEY `fk_stock` (`stock_id`),
  ADD KEY `fk_member_bank` (`id_member_bank`);

--
-- Indexes for table `member_bank`
--
ALTER TABLE `member_bank`
  ADD PRIMARY KEY (`id_member`);

--
-- Indexes for table `product_type`
--
ALTER TABLE `product_type`
  ADD PRIMARY KEY (`id_product`);

--
-- Indexes for table `return_edc`
--
ALTER TABLE `return_edc`
  ADD PRIMARY KEY (`id_return`),
  ADD KEY `fk_user2` (`user_id`);

--
-- Indexes for table `stock`
--
ALTER TABLE `stock`
  ADD PRIMARY KEY (`id_stock`),
  ADD KEY `fk_user` (`user_id`),
  ADD KEY `fk_color_type` (`id_edc_color`),
  ADD KEY `fk_product_type` (`id_product_name`);

--
-- Indexes for table `users`
--
ALTER TABLE `users`
  ADD PRIMARY KEY (`id`);

--
-- AUTO_INCREMENT for dumped tables
--

--
-- AUTO_INCREMENT for table `color_type`
--
ALTER TABLE `color_type`
  MODIFY `id_color` int(11) NOT NULL AUTO_INCREMENT, AUTO_INCREMENT=5;

--
-- AUTO_INCREMENT for table `detail_list_stock`
--
ALTER TABLE `detail_list_stock`
  MODIFY `id_detail` int(11) NOT NULL AUTO_INCREMENT, AUTO_INCREMENT=179;

--
-- AUTO_INCREMENT for table `member_bank`
--
ALTER TABLE `member_bank`
  MODIFY `id_member` int(11) NOT NULL AUTO_INCREMENT, AUTO_INCREMENT=8;

--
-- AUTO_INCREMENT for table `product_type`
--
ALTER TABLE `product_type`
  MODIFY `id_product` int(11) NOT NULL AUTO_INCREMENT, AUTO_INCREMENT=15;

--
-- AUTO_INCREMENT for table `return_edc`
--
ALTER TABLE `return_edc`
  MODIFY `id_return` int(11) NOT NULL AUTO_INCREMENT, AUTO_INCREMENT=73;

--
-- AUTO_INCREMENT for table `stock`
--
ALTER TABLE `stock`
  MODIFY `id_stock` int(11) NOT NULL AUTO_INCREMENT, AUTO_INCREMENT=255;

--
-- AUTO_INCREMENT for table `users`
--
ALTER TABLE `users`
  MODIFY `id` int(11) NOT NULL AUTO_INCREMENT, AUTO_INCREMENT=20;

--
-- Constraints for dumped tables
--

--
-- Constraints for table `detail_list_stock`
--
ALTER TABLE `detail_list_stock`
  ADD CONSTRAINT `fk_member_bank` FOREIGN KEY (`id_member_bank`) REFERENCES `member_bank` (`id_member`) ON DELETE SET NULL ON UPDATE CASCADE,
  ADD CONSTRAINT `fk_stock` FOREIGN KEY (`stock_id`) REFERENCES `stock` (`id_stock`) ON DELETE CASCADE ON UPDATE CASCADE;

--
-- Constraints for table `return_edc`
--
ALTER TABLE `return_edc`
  ADD CONSTRAINT `fk_user2` FOREIGN KEY (`user_id`) REFERENCES `users` (`id`);

--
-- Constraints for table `stock`
--
ALTER TABLE `stock`
  ADD CONSTRAINT `fk_color_type` FOREIGN KEY (`id_edc_color`) REFERENCES `color_type` (`id_color`) ON DELETE SET NULL ON UPDATE CASCADE,
  ADD CONSTRAINT `fk_product_type` FOREIGN KEY (`id_product_name`) REFERENCES `product_type` (`id_product`) ON DELETE SET NULL ON UPDATE CASCADE,
  ADD CONSTRAINT `fk_user` FOREIGN KEY (`user_id`) REFERENCES `users` (`id`) ON DELETE SET NULL ON UPDATE CASCADE;
COMMIT;

/*!40101 SET CHARACTER_SET_CLIENT=@OLD_CHARACTER_SET_CLIENT */;
/*!40101 SET CHARACTER_SET_RESULTS=@OLD_CHARACTER_SET_RESULTS */;
/*!40101 SET COLLATION_CONNECTION=@OLD_COLLATION_CONNECTION */;
